date,number,surface,latitude,longitude,blh
2005-01-01,0,0,53.32,-9.88,1473.1381
2005-01-02,0,0,53.32,-9.88,1462.6653
2005-01-03,0,0,53.32,-9.88,1240.6954
2005-01-04,0,0,53.32,-9.88,1423.6028
2005-01-05,0,0,53.32,-9.88,1477.9907
2005-01-06,0,0,53.32,-9.88,1171.762
2005-01-07,0,0,53.32,-9.88,1002.9358
2005-01-08,0,0,53.32,-9.88,1604.0725
2005-01-09,0,0,53.32,-9.88,1251.5948
2005-01-10,0,0,53.32,-9.88,1370.9806
2005-01-11,0,0,53.32,-9.88,1948.5883
2005-01-12,0,0,53.32,-9.88,1771.6135
2005-01-13,0,0,53.32,-9.88,893.0941
2005-01-14,0,0,53.32,-9.88,840.19464
2005-01-15,0,0,53.32,-9.88,606.65137
2005-01-16,0,0,53.32,-9.88,874.4938
2005-01-17,0,0,53.32,-9.88,1541.2723
2005-01-18,0,0,53.32,-9.88,1663.415
2005-01-19,0,0,53.32,-9.88,1140.0288
2005-01-20,0,0,53.32,-9.88,1226.1349
2005-01-21,0,0,53.32,-9.88,731.7523
2005-01-22,0,0,53.32,-9.88,579.7889
2005-01-23,0,0,53.32,-9.88,556.5345
2005-01-24,0,0,53.32,-9.88,667.0696
2005-01-25,0,0,53.32,-9.88,966.0428
2005-01-26,0,0,53.32,-9.88,942.7168
2005-01-27,0,0,53.32,-9.88,1066.1398
2005-01-28,0,0,53.32,-9.88,998.90906
2005-01-29,0,0,53.32,-9.88,664.90826
2005-01-30,0,0,53.32,-9.88,574.9962
2005-01-31,0,0,53.32,-9.88,719.9788
2005-02-01,0,0,53.32,-9.88,661.99115
2005-02-02,0,0,53.32,-9.88,578.9812
2005-02-03,0,0,53.32,-9.88,786.32776
2005-02-04,0,0,53.32,-9.88,855.0063
2005-02-05,0,0,53.32,-9.88,577.3201
2005-02-06,0,0,53.32,-9.88,646.7563
2005-02-07,0,0,53.32,-9.88,829.4166
2005-02-08,0,0,53.32,-9.88,870.2733
2005-02-09,0,0,53.32,-9.88,1288.7859
2005-02-10,0,0,53.32,-9.88,738.2881
2005-02-11,0,0,53.32,-9.88,477.44638
2005-02-12,0,0,53.32,-9.88,1402.95
2005-02-13,0,0,53.32,-9.88,1732.5295
2005-02-14,0,0,53.32,-9.88,858.9452
2005-02-15,0,0,53.32,-9.88,234.3325
2005-02-16,0,0,53.32,-9.88,473.9149
2005-02-17,0,0,53.32,-9.88,713.10297
2005-02-18,0,0,53.32,-9.88,1026.8661
2005-02-19,0,0,53.32,-9.88,1298.9081
2005-02-20,0,0,53.32,-9.88,1141.0817
2005-02-21,0,0,53.32,-9.88,965.0758
2005-02-22,0,0,53.32,-9.88,984.60974
2005-02-23,0,0,53.32,-9.88,579.4544
2005-02-24,0,0,53.32,-9.88,866.256
2005-02-25,0,0,53.32,-9.88,846.3149
2005-02-26,0,0,53.32,-9.88,658.5492
2005-02-27,0,0,53.32,-9.88,713.5848
2005-02-28,0,0,53.32,-9.88,599.2868
2005-03-01,0,0,53.32,-9.88,1019.176
2005-03-02,0,0,53.32,-9.88,1233.5984
2005-03-03,0,0,53.32,-9.88,880.6074
2005-03-04,0,0,53.32,-9.88,1141.5654
2005-03-05,0,0,53.32,-9.88,1242.4233
2005-03-06,0,0,53.32,-9.88,434.3062
2005-03-07,0,0,53.32,-9.88,492.1438
2005-03-08,0,0,53.32,-9.88,528.0843
2005-03-09,0,0,53.32,-9.88,413.7835
2005-03-10,0,0,53.32,-9.88,416.99762
2005-03-11,0,0,53.32,-9.88,1043.218
2005-03-12,0,0,53.32,-9.88,1324.8171
2005-03-13,0,0,53.32,-9.88,445.05292
2005-03-14,0,0,53.32,-9.88,704.4761
2005-03-15,0,0,53.32,-9.88,1011.95685
2005-03-16,0,0,53.32,-9.88,1053.8618
2005-03-17,0,0,53.32,-9.88,845.7566
2005-03-18,0,0,53.32,-9.88,507.3042
2005-03-19,0,0,53.32,-9.88,410.68903
2005-03-20,0,0,53.32,-9.88,602.0279
2005-03-21,0,0,53.32,-9.88,422.22693
2005-03-22,0,0,53.32,-9.88,870.7756
2005-03-23,0,0,53.32,-9.88,868.2624
2005-03-24,0,0,53.32,-9.88,852.7359
2005-03-25,0,0,53.32,-9.88,528.42926
2005-03-26,0,0,53.32,-9.88,446.06046
2005-03-27,0,0,53.32,-9.88,585.926
2005-03-28,0,0,53.32,-9.88,413.3498
2005-03-29,0,0,53.32,-9.88,224.08083
2005-03-30,0,0,53.32,-9.88,288.16428
2005-03-31,0,0,53.32,-9.88,498.7778
2005-04-01,0,0,53.32,-9.88,406.30554
2005-04-02,0,0,53.32,-9.88,346.76767
2005-04-03,0,0,53.32,-9.88,617.63654
2005-04-04,0,0,53.32,-9.88,1281.2544
2005-04-05,0,0,53.32,-9.88,1003.20374
2005-04-06,0,0,53.32,-9.88,1378.699
2005-04-07,0,0,53.32,-9.88,1373.2737
2005-04-08,0,0,53.32,-9.88,1454.7456
2005-04-09,0,0,53.32,-9.88,992.75995
2005-04-10,0,0,53.32,-9.88,743.0602
2005-04-11,0,0,53.32,-9.88,786.06824
2005-04-12,0,0,53.32,-9.88,852.3161
2005-04-13,0,0,53.32,-9.88,743.4343
2005-04-14,0,0,53.32,-9.88,997.8333
2005-04-15,0,0,53.32,-9.88,1175.9893
2005-04-16,0,0,53.32,-9.88,836.6626
2005-04-17,0,0,53.32,-9.88,958.8469
2005-04-18,0,0,53.32,-9.88,775.3293
2005-04-19,0,0,53.32,-9.88,511.99762
2005-04-20,0,0,53.32,-9.88,546.0106
2005-04-21,0,0,53.32,-9.88,673.08496
2005-04-22,0,0,53.32,-9.88,930.2
2005-04-23,0,0,53.32,-9.88,603.26117
2005-04-24,0,0,53.32,-9.88,323.03064
2005-04-25,0,0,53.32,-9.88,378.7825
2005-04-26,0,0,53.32,-9.88,709.7245
2005-04-27,0,0,53.32,-9.88,966.2188
2005-04-28,0,0,53.32,-9.88,1011.38983
2005-04-29,0,0,53.32,-9.88,891.39856
2005-04-30,0,0,53.32,-9.88,301.89197
2005-05-01,0,0,53.32,-9.88,856.0631
2005-05-02,0,0,53.32,-9.88,644.65814
2005-05-03,0,0,53.32,-9.88,811.07837
2005-05-04,0,0,53.32,-9.88,1083.8022
2005-05-05,0,0,53.32,-9.88,749.8203
2005-05-06,0,0,53.32,-9.88,787.59607
2005-05-07,0,0,53.32,-9.88,939.09033
2005-05-08,0,0,53.32,-9.88,1020.6746
2005-05-09,0,0,53.32,-9.88,1130.9419
2005-05-10,0,0,53.32,-9.88,795.45593
2005-05-11,0,0,53.32,-9.88,477.1656
2005-05-12,0,0,53.32,-9.88,811.36194
2005-05-13,0,0,53.32,-9.88,930.47736
2005-05-14,0,0,53.32,-9.88,1055.198
2005-05-15,0,0,53.32,-9.88,561.84894
2005-05-16,0,0,53.32,-9.88,749.9927
2005-05-17,0,0,53.32,-9.88,805.5017
2005-05-18,0,0,53.32,-9.88,743.44965
2005-05-19,0,0,53.32,-9.88,790.5229
2005-05-20,0,0,53.32,-9.88,1045.6625
2005-05-21,0,0,53.32,-9.88,757.2259
2005-05-22,0,0,53.32,-9.88,832.58374
2005-05-23,0,0,53.32,-9.88,1119.2761
2005-05-24,0,0,53.32,-9.88,542.04614
2005-05-25,0,0,53.32,-9.88,740.13965
2005-05-26,0,0,53.32,-9.88,777.8298
2005-05-27,0,0,53.32,-9.88,564.41504
2005-05-28,0,0,53.32,-9.88,949.6101
2005-05-29,0,0,53.32,-9.88,471.97455
2005-05-30,0,0,53.32,-9.88,386.27527
2005-05-31,0,0,53.32,-9.88,365.63458
2005-06-01,0,0,53.32,-9.88,530.17615
2005-06-02,0,0,53.32,-9.88,715.78625
2005-06-03,0,0,53.32,-9.88,867.3873
2005-06-04,0,0,53.32,-9.88,899.41296
2005-06-05,0,0,53.32,-9.88,456.79874
2005-06-06,0,0,53.32,-9.88,485.50586
2005-06-07,0,0,53.32,-9.88,567.9193
2005-06-08,0,0,53.32,-9.88,355.20148
2005-06-09,0,0,53.32,-9.88,238.67108
2005-06-10,0,0,53.32,-9.88,443.04898
2005-06-11,0,0,53.32,-9.88,442.60156
2005-06-12,0,0,53.32,-9.88,847.2991
2005-06-13,0,0,53.32,-9.88,917.10876
2005-06-14,0,0,53.32,-9.88,915.9802
2005-06-15,0,0,53.32,-9.88,512.95374
2005-06-16,0,0,53.32,-9.88,580.1341
2005-06-17,0,0,53.32,-9.88,549.1754
2005-06-18,0,0,53.32,-9.88,597.03046
2005-06-19,0,0,53.32,-9.88,667.4889
2005-06-20,0,0,53.32,-9.88,702.48926
2005-06-21,0,0,53.32,-9.88,728.1186
2005-06-22,0,0,53.32,-9.88,856.16693
2005-06-23,0,0,53.32,-9.88,830.9507
2005-06-24,0,0,53.32,-9.88,488.75412
2005-06-25,0,0,53.32,-9.88,761.9013
2005-06-26,0,0,53.32,-9.88,433.26428
2005-06-27,0,0,53.32,-9.88,316.963
2005-06-28,0,0,53.32,-9.88,370.94952
2005-06-29,0,0,53.32,-9.88,238.77437
2005-06-30,0,0,53.32,-9.88,683.353
2005-07-01,0,0,53.32,-9.88,488.83246
2005-07-02,0,0,53.32,-9.88,859.7398
2005-07-03,0,0,53.32,-9.88,1013.53735
2005-07-04,0,0,53.32,-9.88,761.8067
2005-07-05,0,0,53.32,-9.88,760.82446
2005-07-06,0,0,53.32,-9.88,956.84766
2005-07-07,0,0,53.32,-9.88,528.79724
2005-07-08,0,0,53.32,-9.88,292.77594
2005-07-09,0,0,53.32,-9.88,229.69542
2005-07-10,0,0,53.32,-9.88,111.4875
2005-07-11,0,0,53.32,-9.88,99.93577
2005-07-12,0,0,53.32,-9.88,208.79002
2005-07-13,0,0,53.32,-9.88,237.88573
2005-07-14,0,0,53.32,-9.88,547.8021
2005-07-15,0,0,53.32,-9.88,748.7921
2005-07-16,0,0,53.32,-9.88,575.06335
2005-07-17,0,0,53.32,-9.88,516.9504
2005-07-18,0,0,53.32,-9.88,1055.5908
2005-07-19,0,0,53.32,-9.88,1083.9995
2005-07-20,0,0,53.32,-9.88,622.563
2005-07-21,0,0,53.32,-9.88,337.47733
2005-07-22,0,0,53.32,-9.88,208.03452
2005-07-23,0,0,53.32,-9.88,351.79578
2005-07-24,0,0,53.32,-9.88,737.5412
2005-07-25,0,0,53.32,-9.88,688.3897
2005-07-26,0,0,53.32,-9.88,651.55066
2005-07-27,0,0,53.32,-9.88,392.94687
2005-07-28,0,0,53.32,-9.88,715.93805
2005-07-29,0,0,53.32,-9.88,822.5863
2005-07-30,0,0,53.32,-9.88,799.3313
2005-07-31,0,0,53.32,-9.88,727.0012
2005-08-01,0,0,53.32,-9.88,383.26428
2005-08-02,0,0,53.32,-9.88,772.8459
2005-08-03,0,0,53.32,-9.88,950.9529
2005-08-04,0,0,53.32,-9.88,659.491
2005-08-05,0,0,53.32,-9.88,778.1517
2005-08-06,0,0,53.32,-9.88,390.16403
2005-08-07,0,0,53.32,-9.88,275.3879
2005-08-08,0,0,53.32,-9.88,177.39761
2005-08-09,0,0,53.32,-9.88,200.5788
2005-08-10,0,0,53.32,-9.88,346.9923
2005-08-11,0,0,53.32,-9.88,536.0189
2005-08-12,0,0,53.32,-9.88,642.52673
2005-08-13,0,0,53.32,-9.88,871.5852
2005-08-14,0,0,53.32,-9.88,818.0206
2005-08-15,0,0,53.32,-9.88,399.1062
2005-08-16,0,0,53.32,-9.88,473.5661
2005-08-17,0,0,53.32,-9.88,639.156
2005-08-18,0,0,53.32,-9.88,606.66833
2005-08-19,0,0,53.32,-9.88,909.63965
2005-08-20,0,0,53.32,-9.88,466.96533
2005-08-21,0,0,53.32,-9.88,531.87024
2005-08-22,0,0,53.32,-9.88,851.4726
2005-08-23,0,0,53.32,-9.88,1012.99884
2005-08-24,0,0,53.32,-9.88,1211.2515
2005-08-25,0,0,53.32,-9.88,1123.4927
2005-08-26,0,0,53.32,-9.88,963.50665
2005-08-27,0,0,53.32,-9.88,430.91666
2005-08-28,0,0,53.32,-9.88,817.16425
2005-08-29,0,0,53.32,-9.88,767.42883
2005-08-30,0,0,53.32,-9.88,375.85513
2005-08-31,0,0,53.32,-9.88,352.27826
2005-09-01,0,0,53.32,-9.88,744.5043
2005-09-02,0,0,53.32,-9.88,646.40515
2005-09-03,0,0,53.32,-9.88,810.793
2005-09-04,0,0,53.32,-9.88,426.9424
2005-09-05,0,0,53.32,-9.88,169.85602
2005-09-06,0,0,53.32,-9.88,322.98886
2005-09-07,0,0,53.32,-9.88,673.36725
2005-09-08,0,0,53.32,-9.88,522.7563
2005-09-09,0,0,53.32,-9.88,688.3182
2005-09-10,0,0,53.32,-9.88,541.6229
2005-09-11,0,0,53.32,-9.88,436.45343
2005-09-12,0,0,53.32,-9.88,481.19177
2005-09-13,0,0,53.32,-9.88,803.09973
2005-09-14,0,0,53.32,-9.88,494.5097
2005-09-15,0,0,53.32,-9.88,543.95447
2005-09-16,0,0,53.32,-9.88,1059.3455
2005-09-17,0,0,53.32,-9.88,695.83105
2005-09-18,0,0,53.32,-9.88,1138.4456
2005-09-19,0,0,53.32,-9.88,995.212
2005-09-20,0,0,53.32,-9.88,882.6088
2005-09-21,0,0,53.32,-9.88,814.36176
2005-09-22,0,0,53.32,-9.88,950.00354
2005-09-23,0,0,53.32,-9.88,1231.5535
2005-09-24,0,0,53.32,-9.88,897.1315
2005-09-25,0,0,53.32,-9.88,905.65045
2005-09-26,0,0,53.32,-9.88,1177.9521
2005-09-27,0,0,53.32,-9.88,1475.1868
2005-09-28,0,0,53.32,-9.88,1249.438
2005-09-29,0,0,53.32,-9.88,1062.0569
2005-09-30,0,0,53.32,-9.88,1077.4304
2005-10-01,0,0,53.32,-9.88,1258.4442
2005-10-02,0,0,53.32,-9.88,967.5907
2005-10-03,0,0,53.32,-9.88,730.77966
2005-10-04,0,0,53.32,-9.88,820.5869
2005-10-05,0,0,53.32,-9.88,841.5909
2005-10-06,0,0,53.32,-9.88,900.5066
2005-10-07,0,0,53.32,-9.88,877.0313
2005-10-08,0,0,53.32,-9.88,1104.8499
2005-10-09,0,0,53.32,-9.88,1344.0507
2005-10-10,0,0,53.32,-9.88,890.22095
2005-10-11,0,0,53.32,-9.88,774.7959
2005-10-12,0,0,53.32,-9.88,802.4691
2005-10-13,0,0,53.32,-9.88,583.4664
2005-10-14,0,0,53.32,-9.88,735.2911
2005-10-15,0,0,53.32,-9.88,842.6958
2005-10-16,0,0,53.32,-9.88,619.9329
2005-10-17,0,0,53.32,-9.88,716.7164
2005-10-18,0,0,53.32,-9.88,789.514
2005-10-19,0,0,53.32,-9.88,512.7439
2005-10-20,0,0,53.32,-9.88,811.3605
2005-10-21,0,0,53.32,-9.88,660.412
2005-10-22,0,0,53.32,-9.88,215.918
2005-10-23,0,0,53.32,-9.88,429.97125
2005-10-24,0,0,53.32,-9.88,677.41504
2005-10-25,0,0,53.32,-9.88,1294.3477
2005-10-26,0,0,53.32,-9.88,953.75635
2005-10-27,0,0,53.32,-9.88,1443.1248
2005-10-28,0,0,53.32,-9.88,1121.0347
2005-10-29,0,0,53.32,-9.88,891.68286
2005-10-30,0,0,53.32,-9.88,1416.9507
2005-10-31,0,0,53.32,-9.88,1141.9233
2005-11-01,0,0,53.32,-9.88,1104.6007
2005-11-02,0,0,53.32,-9.88,843.7846
2005-11-03,0,0,53.32,-9.88,676.02313
2005-11-04,0,0,53.32,-9.88,1273.213
2005-11-05,0,0,53.32,-9.88,876.2097
2005-11-06,0,0,53.32,-9.88,1366.0713
2005-11-07,0,0,53.32,-9.88,1466.5564
2005-11-08,0,0,53.32,-9.88,1144.5823
2005-11-09,0,0,53.32,-9.88,1168.779
2005-11-10,0,0,53.32,-9.88,859.39935
2005-11-11,0,0,53.32,-9.88,1424.5151
2005-11-12,0,0,53.32,-9.88,1184.3962
2005-11-13,0,0,53.32,-9.88,837.4378
2005-11-14,0,0,53.32,-9.88,767.57324
2005-11-15,0,0,53.32,-9.88,969.2763
2005-11-16,0,0,53.32,-9.88,785.6084
2005-11-17,0,0,53.32,-9.88,395.1452
2005-11-18,0,0,53.32,-9.88,670.3381
2005-11-19,0,0,53.32,-9.88,503.40936
2005-11-20,0,0,53.32,-9.88,343.01007
2005-11-21,0,0,53.32,-9.88,279.0268
2005-11-22,0,0,53.32,-9.88,197.53671
2005-11-23,0,0,53.32,-9.88,237.21288
2005-11-24,0,0,53.32,-9.88,1352.5555
2005-11-25,0,0,53.32,-9.88,1566.1296
2005-11-26,0,0,53.32,-9.88,1235.1506
2005-11-27,0,0,53.32,-9.88,808.80316
2005-11-28,0,0,53.32,-9.88,822.34485
2005-11-29,0,0,53.32,-9.88,715.8648
2005-11-30,0,0,53.32,-9.88,784.40295
2005-12-01,0,0,53.32,-9.88,574.95197
2005-12-02,0,0,53.32,-9.88,883.49225
2005-12-03,0,0,53.32,-9.88,847.4026
2005-12-04,0,0,53.32,-9.88,1065.7788
2005-12-05,0,0,53.32,-9.88,1111.335
2005-12-06,0,0,53.32,-9.88,458.93384
2005-12-07,0,0,53.32,-9.88,820.8252
2005-12-08,0,0,53.32,-9.88,575.5405
2005-12-09,0,0,53.32,-9.88,466.0552
2005-12-10,0,0,53.32,-9.88,818.46875
2005-12-11,0,0,53.32,-9.88,598.47144
2005-12-12,0,0,53.32,-9.88,378.3846
2005-12-13,0,0,53.32,-9.88,193.20595
2005-12-14,0,0,53.32,-9.88,840.9155
2005-12-15,0,0,53.32,-9.88,888.50165
2005-12-16,0,0,53.32,-9.88,1001.4484
2005-12-17,0,0,53.32,-9.88,476.88293
2005-12-18,0,0,53.32,-9.88,801.3137
2005-12-19,0,0,53.32,-9.88,718.61884
2005-12-20,0,0,53.32,-9.88,760.12616
2005-12-21,0,0,53.32,-9.88,591.69617
2005-12-22,0,0,53.32,-9.88,1196.8938
2005-12-23,0,0,53.32,-9.88,416.01697
2005-12-24,0,0,53.32,-9.88,357.92352
2005-12-25,0,0,53.32,-9.88,376.05
2005-12-26,0,0,53.32,-9.88,600.7396
2005-12-27,0,0,53.32,-9.88,608.3583
2005-12-28,0,0,53.32,-9.88,732.48627
2005-12-29,0,0,53.32,-9.88,821.5212
2005-12-30,0,0,53.32,-9.88,961.8399
2005-12-31,0,0,53.32,-9.88,1301.4843
2006-01-01,0,0,53.32,-9.88,1282.5808
2006-01-02,0,0,53.32,-9.88,590.8894
2006-01-03,0,0,53.32,-9.88,284.4283
2006-01-04,0,0,53.32,-9.88,332.57144
2006-01-05,0,0,53.32,-9.88,748.55634
2006-01-06,0,0,53.32,-9.88,372.0031
2006-01-07,0,0,53.32,-9.88,471.10745
2006-01-08,0,0,53.32,-9.88,344.93265
2006-01-09,0,0,53.32,-9.88,722.79645
2006-01-10,0,0,53.32,-9.88,837.7817
2006-01-11,0,0,53.32,-9.88,1325.7798
2006-01-12,0,0,53.32,-9.88,1309.0557
2006-01-13,0,0,53.32,-9.88,1034.3872
2006-01-14,0,0,53.32,-9.88,1047.9214
2006-01-15,0,0,53.32,-9.88,923.40466
2006-01-16,0,0,53.32,-9.88,978.3202
2006-01-17,0,0,53.32,-9.88,886.4575
2006-01-18,0,0,53.32,-9.88,774.17706
2006-01-19,0,0,53.32,-9.88,1005.48553
2006-01-20,0,0,53.32,-9.88,1362.8494
2006-01-21,0,0,53.32,-9.88,499.72964
2006-01-22,0,0,53.32,-9.88,682.15375
2006-01-23,0,0,53.32,-9.88,767.6059
2006-01-24,0,0,53.32,-9.88,433.33636
2006-01-25,0,0,53.32,-9.88,746.6924
2006-01-26,0,0,53.32,-9.88,844.00885
2006-01-27,0,0,53.32,-9.88,526.915
2006-01-28,0,0,53.32,-9.88,525.7849
2006-01-29,0,0,53.32,-9.88,269.87512
2006-01-30,0,0,53.32,-9.88,206.61475
2006-01-31,0,0,53.32,-9.88,529.47986
2006-02-01,0,0,53.32,-9.88,520.2745
2006-02-02,0,0,53.32,-9.88,465.89355
2006-02-03,0,0,53.32,-9.88,360.057
2006-02-04,0,0,53.32,-9.88,514.5474
2006-02-05,0,0,53.32,-9.88,646.2472
2006-02-06,0,0,53.32,-9.88,1001.021
2006-02-07,0,0,53.32,-9.88,1211.8944
2006-02-08,0,0,53.32,-9.88,1055.0104
2006-02-09,0,0,53.32,-9.88,394.43918
2006-02-10,0,0,53.32,-9.88,586.5705
2006-02-11,0,0,53.32,-9.88,877.6383
2006-02-12,0,0,53.32,-9.88,814.1566
2006-02-13,0,0,53.32,-9.88,825.71045
2006-02-14,0,0,53.32,-9.88,1106.3701
2006-02-15,0,0,53.32,-9.88,1430.2822
2006-02-16,0,0,53.32,-9.88,1335.9222
2006-02-17,0,0,53.32,-9.88,616.99634
2006-02-18,0,0,53.32,-9.88,562.2654
2006-02-19,0,0,53.32,-9.88,343.5323
2006-02-20,0,0,53.32,-9.88,736.6256
2006-02-21,0,0,53.32,-9.88,692.026
2006-02-22,0,0,53.32,-9.88,802.3282
2006-02-23,0,0,53.32,-9.88,618.44946
2006-02-24,0,0,53.32,-9.88,1058.3263
2006-02-25,0,0,53.32,-9.88,1166.9269
2006-02-26,0,0,53.32,-9.88,1106.0391
2006-02-27,0,0,53.32,-9.88,674.0011
2006-02-28,0,0,53.32,-9.88,1147.3905
2006-03-01,0,0,53.32,-9.88,818.4217
2006-03-02,0,0,53.32,-9.88,641.6624
2006-03-03,0,0,53.32,-9.88,437.6982
2006-03-04,0,0,53.32,-9.88,688.2948
2006-03-05,0,0,53.32,-9.88,741.06934
2006-03-06,0,0,53.32,-9.88,567.94885
2006-03-07,0,0,53.32,-9.88,501.86636
2006-03-08,0,0,53.32,-9.88,727.19434
2006-03-09,0,0,53.32,-9.88,1102.4398
2006-03-10,0,0,53.32,-9.88,1426.6592
2006-03-11,0,0,53.32,-9.88,467.27563
2006-03-12,0,0,53.32,-9.88,816.1409
2006-03-13,0,0,53.32,-9.88,1015.07556
2006-03-14,0,0,53.32,-9.88,792.73755
2006-03-15,0,0,53.32,-9.88,336.06613
2006-03-16,0,0,53.32,-9.88,1014.5368
2006-03-17,0,0,53.32,-9.88,1243.468
2006-03-18,0,0,53.32,-9.88,1035.5918
2006-03-19,0,0,53.32,-9.88,824.6086
2006-03-20,0,0,53.32,-9.88,968.6386
2006-03-21,0,0,53.32,-9.88,1009.85333
2006-03-22,0,0,53.32,-9.88,768.8816
2006-03-23,0,0,53.32,-9.88,812.4158
2006-03-24,0,0,53.32,-9.88,587.9565
2006-03-25,0,0,53.32,-9.88,611.7853
2006-03-26,0,0,53.32,-9.88,699.3994
2006-03-27,0,0,53.32,-9.88,587.59265
2006-03-28,0,0,53.32,-9.88,940.40314
2006-03-29,0,0,53.32,-9.88,861.2679
2006-03-30,0,0,53.32,-9.88,503.42532
2006-03-31,0,0,53.32,-9.88,944.3633
2006-04-01,0,0,53.32,-9.88,1031.9529
2006-04-02,0,0,53.32,-9.88,1061.7028
2006-04-03,0,0,53.32,-9.88,1020.4538
2006-04-04,0,0,53.32,-9.88,950.59344
2006-04-05,0,0,53.32,-9.88,637.46606
2006-04-06,0,0,53.32,-9.88,1035.4636
2006-04-07,0,0,53.32,-9.88,988.6378
2006-04-08,0,0,53.32,-9.88,1170.2377
2006-04-09,0,0,53.32,-9.88,1086.2175
2006-04-10,0,0,53.32,-9.88,707.8949
2006-04-11,0,0,53.32,-9.88,1141.0879
2006-04-12,0,0,53.32,-9.88,971.4133
2006-04-13,0,0,53.32,-9.88,1321.8511
2006-04-14,0,0,53.32,-9.88,702.7843
2006-04-15,0,0,53.32,-9.88,288.52606
2006-04-16,0,0,53.32,-9.88,930.5278
2006-04-17,0,0,53.32,-9.88,1086.2634
2006-04-18,0,0,53.32,-9.88,804.0545
2006-04-19,0,0,53.32,-9.88,637.92615
2006-04-20,0,0,53.32,-9.88,694.343
2006-04-21,0,0,53.32,-9.88,409.0265
2006-04-22,0,0,53.32,-9.88,485.28665
2006-04-23,0,0,53.32,-9.88,655.81696
2006-04-24,0,0,53.32,-9.88,643.49207
2006-04-25,0,0,53.32,-9.88,1145.4116
2006-04-26,0,0,53.32,-9.88,876.54584
2006-04-27,0,0,53.32,-9.88,575.0405
2006-04-28,0,0,53.32,-9.88,664.0202
2006-04-29,0,0,53.32,-9.88,455.3946
2006-04-30,0,0,53.32,-9.88,487.9574
2006-05-01,0,0,53.32,-9.88,996.8096
2006-05-02,0,0,53.32,-9.88,1196.0305
2006-05-03,0,0,53.32,-9.88,1209.9275
2006-05-04,0,0,53.32,-9.88,1057.5823
2006-05-05,0,0,53.32,-9.88,1159.9673
2006-05-06,0,0,53.32,-9.88,967.08295
2006-05-07,0,0,53.32,-9.88,865.2046
2006-05-08,0,0,53.32,-9.88,226.94547
2006-05-09,0,0,53.32,-9.88,253.78049
2006-05-10,0,0,53.32,-9.88,204.74191
2006-05-11,0,0,53.32,-9.88,155.04102
2006-05-12,0,0,53.32,-9.88,211.02708
2006-05-13,0,0,53.32,-9.88,443.2323
2006-05-14,0,0,53.32,-9.88,297.4742
2006-05-15,0,0,53.32,-9.88,755.4912
2006-05-16,0,0,53.32,-9.88,637.1735
2006-05-17,0,0,53.32,-9.88,829.38416
2006-05-18,0,0,53.32,-9.88,1086.5635
2006-05-19,0,0,53.32,-9.88,711.3494
2006-05-20,0,0,53.32,-9.88,723.2192
2006-05-21,0,0,53.32,-9.88,839.7588
2006-05-22,0,0,53.32,-9.88,1243.8428
2006-05-23,0,0,53.32,-9.88,1107.4768
2006-05-24,0,0,53.32,-9.88,1042.3462
2006-05-25,0,0,53.32,-9.88,335.24408
2006-05-26,0,0,53.32,-9.88,632.9529
2006-05-27,0,0,53.32,-9.88,786.42163
2006-05-28,0,0,53.32,-9.88,763.8863
2006-05-29,0,0,53.32,-9.88,1276.1333
2006-05-30,0,0,53.32,-9.88,825.81104
2006-05-31,0,0,53.32,-9.88,373.40387
2006-06-01,0,0,53.32,-9.88,401.85474
2006-06-02,0,0,53.32,-9.88,134.22089
2006-06-03,0,0,53.32,-9.88,135.62845
2006-06-04,0,0,53.32,-9.88,265.27826
2006-06-05,0,0,53.32,-9.88,154.03938
2006-06-06,0,0,53.32,-9.88,248.01526
2006-06-07,0,0,53.32,-9.88,286.70856
2006-06-08,0,0,53.32,-9.88,338.607
2006-06-09,0,0,53.32,-9.88,902.80945
2006-06-10,0,0,53.32,-9.88,1044.7727
2006-06-11,0,0,53.32,-9.88,1297.5002
2006-06-12,0,0,53.32,-9.88,1044.5188
2006-06-13,0,0,53.32,-9.88,933.3863
2006-06-14,0,0,53.32,-9.88,359.61404
2006-06-15,0,0,53.32,-9.88,333.06897
2006-06-16,0,0,53.32,-9.88,390.50848
2006-06-17,0,0,53.32,-9.88,513.40643
2006-06-18,0,0,53.32,-9.88,660.3697
2006-06-19,0,0,53.32,-9.88,694.5936
2006-06-20,0,0,53.32,-9.88,1150.1248
2006-06-21,0,0,53.32,-9.88,1406.252
2006-06-22,0,0,53.32,-9.88,1171.1154
2006-06-23,0,0,53.32,-9.88,390.37582
2006-06-24,0,0,53.32,-9.88,348.1747
2006-06-25,0,0,53.32,-9.88,630.6969
2006-06-26,0,0,53.32,-9.88,455.14462
2006-06-27,0,0,53.32,-9.88,331.74988
2006-06-28,0,0,53.32,-9.88,638.51843
2006-06-29,0,0,53.32,-9.88,602.7146
2006-06-30,0,0,53.32,-9.88,700.72455
2006-07-01,0,0,53.32,-9.88,543.7013
2006-07-02,0,0,53.32,-9.88,242.406
2006-07-03,0,0,53.32,-9.88,401.0158
2006-07-04,0,0,53.32,-9.88,278.39108
2006-07-05,0,0,53.32,-9.88,330.7123
2006-07-06,0,0,53.32,-9.88,654.88873
2006-07-07,0,0,53.32,-9.88,863.4466
2006-07-08,0,0,53.32,-9.88,1035.4374
2006-07-09,0,0,53.32,-9.88,901.07556
2006-07-10,0,0,53.32,-9.88,838.72107
2006-07-11,0,0,53.32,-9.88,779.2821
2006-07-12,0,0,53.32,-9.88,595.75024
2006-07-13,0,0,53.32,-9.88,694.9052
2006-07-14,0,0,53.32,-9.88,321.02176
2006-07-15,0,0,53.32,-9.88,186.09398
2006-07-16,0,0,53.32,-9.88,194.74222
2006-07-17,0,0,53.32,-9.88,251.52196
2006-07-18,0,0,53.32,-9.88,227.4701
2006-07-19,0,0,53.32,-9.88,334.64648
2006-07-20,0,0,53.32,-9.88,331.7359
2006-07-21,0,0,53.32,-9.88,466.76593
2006-07-22,0,0,53.32,-9.88,672.5342
2006-07-23,0,0,53.32,-9.88,766.7413
2006-07-24,0,0,53.32,-9.88,625.1025
2006-07-25,0,0,53.32,-9.88,460.78394
2006-07-26,0,0,53.32,-9.88,348.70776
2006-07-27,0,0,53.32,-9.88,616.2497
2006-07-28,0,0,53.32,-9.88,279.46878
2006-07-29,0,0,53.32,-9.88,747.31903
2006-07-30,0,0,53.32,-9.88,1029.9211
2006-07-31,0,0,53.32,-9.88,981.3195
2006-08-01,0,0,53.32,-9.88,844.13885
2006-08-02,0,0,53.32,-9.88,744.8244
2006-08-03,0,0,53.32,-9.88,629.7818
2006-08-04,0,0,53.32,-9.88,410.3125
2006-08-05,0,0,53.32,-9.88,545.9179
2006-08-06,0,0,53.32,-9.88,622.0859
2006-08-07,0,0,53.32,-9.88,682.32806
2006-08-08,0,0,53.32,-9.88,417.3457
2006-08-09,0,0,53.32,-9.88,1018.06934
2006-08-10,0,0,53.32,-9.88,878.1489
2006-08-11,0,0,53.32,-9.88,924.7643
2006-08-12,0,0,53.32,-9.88,940.34814
2006-08-13,0,0,53.32,-9.88,890.53503
2006-08-14,0,0,53.32,-9.88,584.94476
2006-08-15,0,0,53.32,-9.88,627.50684
2006-08-16,0,0,53.32,-9.88,748.52826
2006-08-17,0,0,53.32,-9.88,653.88934
2006-08-18,0,0,53.32,-9.88,467.2441
2006-08-19,0,0,53.32,-9.88,647.1831
2006-08-20,0,0,53.32,-9.88,724.2104
2006-08-21,0,0,53.32,-9.88,682.4045
2006-08-22,0,0,53.32,-9.88,616.0268
2006-08-23,0,0,53.32,-9.88,679.08105
2006-08-24,0,0,53.32,-9.88,576.156
2006-08-25,0,0,53.32,-9.88,519.77625
2006-08-26,0,0,53.32,-9.88,845.012
2006-08-27,0,0,53.32,-9.88,850.66626
2006-08-28,0,0,53.32,-9.88,948.4878
2006-08-29,0,0,53.32,-9.88,910.54645
2006-08-30,0,0,53.32,-9.88,666.6377
2006-08-31,0,0,53.32,-9.88,590.34235
2006-09-01,0,0,53.32,-9.88,1045.4366
2006-09-02,0,0,53.32,-9.88,579.2062
2006-09-03,0,0,53.32,-9.88,853.86957
2006-09-04,0,0,53.32,-9.88,506.09814
2006-09-05,0,0,53.32,-9.88,641.7936
2006-09-06,0,0,53.32,-9.88,631.83374
2006-09-07,0,0,53.32,-9.88,777.61597
2006-09-08,0,0,53.32,-9.88,628.73615
2006-09-09,0,0,53.32,-9.88,699.2839
2006-09-10,0,0,53.32,-9.88,663.91724
2006-09-11,0,0,53.32,-9.88,408.91092
2006-09-12,0,0,53.32,-9.88,399.24686
2006-09-13,0,0,53.32,-9.88,972.8487
2006-09-14,0,0,53.32,-9.88,897.30115
2006-09-15,0,0,53.32,-9.88,825.7117
2006-09-16,0,0,53.32,-9.88,612.25854
2006-09-17,0,0,53.32,-9.88,699.62683
2006-09-18,0,0,53.32,-9.88,1074.2328
2006-09-19,0,0,53.32,-9.88,1120.7356
2006-09-20,0,0,53.32,-9.88,937.5589
2006-09-21,0,0,53.32,-9.88,499.39987
2006-09-22,0,0,53.32,-9.88,952.3028
2006-09-23,0,0,53.32,-9.88,740.06744
2006-09-24,0,0,53.32,-9.88,428.3782
2006-09-25,0,0,53.32,-9.88,471.50946
2006-09-26,0,0,53.32,-9.88,539.6577
2006-09-27,0,0,53.32,-9.88,1039.0859
2006-09-28,0,0,53.32,-9.88,965.3465
2006-09-29,0,0,53.32,-9.88,794.88196
2006-09-30,0,0,53.32,-9.88,656.2953
2006-10-01,0,0,53.32,-9.88,487.0783
2006-10-02,0,0,53.32,-9.88,710.69183
2006-10-03,0,0,53.32,-9.88,550.6933
2006-10-04,0,0,53.32,-9.88,546.49225
2006-10-05,0,0,53.32,-9.88,1010.91364
2006-10-06,0,0,53.32,-9.88,1267.9358
2006-10-07,0,0,53.32,-9.88,1178.9271
2006-10-08,0,0,53.32,-9.88,1060.3228
2006-10-09,0,0,53.32,-9.88,1058.9974
2006-10-10,0,0,53.32,-9.88,733.04675
2006-10-11,0,0,53.32,-9.88,1012.8496
2006-10-12,0,0,53.32,-9.88,1133.1334
2006-10-13,0,0,53.32,-9.88,953.05023
2006-10-14,0,0,53.32,-9.88,844.4928
2006-10-15,0,0,53.32,-9.88,706.9724
2006-10-16,0,0,53.32,-9.88,400.0874
2006-10-17,0,0,53.32,-9.88,527.3866
2006-10-18,0,0,53.32,-9.88,686.132
2006-10-19,0,0,53.32,-9.88,531.34845
2006-10-20,0,0,53.32,-9.88,292.15103
2006-10-21,0,0,53.32,-9.88,438.10498
2006-10-22,0,0,53.32,-9.88,651.82776
2006-10-23,0,0,53.32,-9.88,712.4851
2006-10-24,0,0,53.32,-9.88,723.718
2006-10-25,0,0,53.32,-9.88,498.00116
2006-10-26,0,0,53.32,-9.88,1273.544
2006-10-27,0,0,53.32,-9.88,930.1195
2006-10-28,0,0,53.32,-9.88,567.2337
2006-10-29,0,0,53.32,-9.88,391.43372
2006-10-30,0,0,53.32,-9.88,842.15186
2006-10-31,0,0,53.32,-9.88,1338.9141
2006-11-01,0,0,53.32,-9.88,611.5002
2006-11-02,0,0,53.32,-9.88,347.12793
2006-11-03,0,0,53.32,-9.88,410.67032
2006-11-04,0,0,53.32,-9.88,682.8911
2006-11-05,0,0,53.32,-9.88,770.47516
2006-11-06,0,0,53.32,-9.88,485.7655
2006-11-07,0,0,53.32,-9.88,375.12347
2006-11-08,0,0,53.32,-9.88,851.4257
2006-11-09,0,0,53.32,-9.88,959.92017
2006-11-10,0,0,53.32,-9.88,1006.5598
2006-11-11,0,0,53.32,-9.88,1391.6194
2006-11-12,0,0,53.32,-9.88,1049.9244
2006-11-13,0,0,53.32,-9.88,1358.4949
2006-11-14,0,0,53.32,-9.88,1098.4988
2006-11-15,0,0,53.32,-9.88,689.81195
2006-11-16,0,0,53.32,-9.88,718.3241
2006-11-17,0,0,53.32,-9.88,885.36084
2006-11-18,0,0,53.32,-9.88,1032.0059
2006-11-19,0,0,53.32,-9.88,1311.2844
2006-11-20,0,0,53.32,-9.88,1431.2733
2006-11-21,0,0,53.32,-9.88,1383.6406
2006-11-22,0,0,53.32,-9.88,802.9973
2006-11-23,0,0,53.32,-9.88,1281.0212
2006-11-24,0,0,53.32,-9.88,938.15393
2006-11-25,0,0,53.32,-9.88,1263.9951
2006-11-26,0,0,53.32,-9.88,1048.0004
2006-11-27,0,0,53.32,-9.88,1661.4204
2006-11-28,0,0,53.32,-9.88,1123.0791
2006-11-29,0,0,53.32,-9.88,1181.5483
2006-11-30,0,0,53.32,-9.88,1340.7559
2006-12-01,0,0,53.32,-9.88,1303.6467
2006-12-02,0,0,53.32,-9.88,1437.4961
2006-12-03,0,0,53.32,-9.88,1690.4607
2006-12-04,0,0,53.32,-9.88,1241.3489
2006-12-05,0,0,53.32,-9.88,1232.2045
2006-12-06,0,0,53.32,-9.88,1321.4248
2006-12-07,0,0,53.32,-9.88,1236.9536
2006-12-08,0,0,53.32,-9.88,1167.4158
2006-12-09,0,0,53.32,-9.88,1199.9541
2006-12-10,0,0,53.32,-9.88,1134.1062
2006-12-11,0,0,53.32,-9.88,1630.777
2006-12-12,0,0,53.32,-9.88,1581.2646
2006-12-13,0,0,53.32,-9.88,1332.8425
2006-12-14,0,0,53.32,-9.88,1076.4553
2006-12-15,0,0,53.32,-9.88,770.4244
2006-12-16,0,0,53.32,-9.88,913.64856
2006-12-17,0,0,53.32,-9.88,719.71704
2006-12-18,0,0,53.32,-9.88,201.72159
2006-12-19,0,0,53.32,-9.88,257.1898
2006-12-20,0,0,53.32,-9.88,440.98013
2006-12-21,0,0,53.32,-9.88,833.8865
2006-12-22,0,0,53.32,-9.88,639.32434
2006-12-23,0,0,53.32,-9.88,563.0821
2006-12-24,0,0,53.32,-9.88,401.8744
2006-12-25,0,0,53.32,-9.88,487.875
2006-12-26,0,0,53.32,-9.88,607.9221
2006-12-27,0,0,53.32,-9.88,383.81467
2006-12-28,0,0,53.32,-9.88,893.62317
2006-12-29,0,0,53.32,-9.88,1465.6498
2006-12-30,0,0,53.32,-9.88,1067.5272
2006-12-31,0,0,53.32,-9.88,1695.8594
2007-01-01,0,0,53.32,-9.88,1492.603
2007-01-02,0,0,53.32,-9.88,1312.6992
2007-01-03,0,0,53.32,-9.88,1220.1401
2007-01-04,0,0,53.32,-9.88,1152.7443
2007-01-05,0,0,53.32,-9.88,1117.2455
2007-01-06,0,0,53.32,-9.88,1063.7002
2007-01-07,0,0,53.32,-9.88,891.68427
2007-01-08,0,0,53.32,-9.88,1217.4156
2007-01-09,0,0,53.32,-9.88,1084.079
2007-01-10,0,0,53.32,-9.88,1400.124
2007-01-11,0,0,53.32,-9.88,1810.6062
2007-01-12,0,0,53.32,-9.88,1272.5369
2007-01-13,0,0,53.32,-9.88,1230.8092
2007-01-14,0,0,53.32,-9.88,1332.4552
2007-01-15,0,0,53.32,-9.88,1337.9177
2007-01-16,0,0,53.32,-9.88,448.24585
2007-01-17,0,0,53.32,-9.88,1573.8228
2007-01-18,0,0,53.32,-9.88,1773.9729
2007-01-19,0,0,53.32,-9.88,1381.5334
2007-01-20,0,0,53.32,-9.88,1515.8413
2007-01-21,0,0,53.32,-9.88,1170.7299
2007-01-22,0,0,53.32,-9.88,990.3542
2007-01-23,0,0,53.32,-9.88,898.3009
2007-01-24,0,0,53.32,-9.88,1130.6926
2007-01-25,0,0,53.32,-9.88,393.8274
2007-01-26,0,0,53.32,-9.88,691.7465
2007-01-27,0,0,53.32,-9.88,551.1731
2007-01-28,0,0,53.32,-9.88,840.2159
2007-01-29,0,0,53.32,-9.88,425.26776
2007-01-30,0,0,53.32,-9.88,746.877
2007-01-31,0,0,53.32,-9.88,643.3662
2007-02-01,0,0,53.32,-9.88,712.0557
2007-02-02,0,0,53.32,-9.88,598.1719
2007-02-03,0,0,53.32,-9.88,239.39093
2007-02-04,0,0,53.32,-9.88,125.732544
2007-02-05,0,0,53.32,-9.88,305.77112
2007-02-06,0,0,53.32,-9.88,468.8474
2007-02-07,0,0,53.32,-9.88,611.5408
2007-02-08,0,0,53.32,-9.88,1129.5383
2007-02-09,0,0,53.32,-9.88,1079.8063
2007-02-10,0,0,53.32,-9.88,732.602
2007-02-11,0,0,53.32,-9.88,908.9136
2007-02-12,0,0,53.32,-9.88,865.6058
2007-02-13,0,0,53.32,-9.88,1053.8306
2007-02-14,0,0,53.32,-9.88,790.06635
2007-02-15,0,0,53.32,-9.88,1488.5718
2007-02-16,0,0,53.32,-9.88,942.20105
2007-02-17,0,0,53.32,-9.88,552.15796
2007-02-18,0,0,53.32,-9.88,621.0338
2007-02-19,0,0,53.32,-9.88,1003.1224
2007-02-20,0,0,53.32,-9.88,752.95026
2007-02-21,0,0,53.32,-9.88,787.55817
2007-02-22,0,0,53.32,-9.88,738.9034
2007-02-23,0,0,53.32,-9.88,622.2122
2007-02-24,0,0,53.32,-9.88,584.60986
2007-02-25,0,0,53.32,-9.88,981.5927
2007-02-26,0,0,53.32,-9.88,520.18726
2007-02-27,0,0,53.32,-9.88,1168.2085
2007-02-28,0,0,53.32,-9.88,1555.8052
2007-03-01,0,0,53.32,-9.88,792.00146
2007-03-02,0,0,53.32,-9.88,648.3218
2007-03-03,0,0,53.32,-9.88,959.7621
2007-03-04,0,0,53.32,-9.88,1483.425
2007-03-05,0,0,53.32,-9.88,1502.6699
2007-03-06,0,0,53.32,-9.88,1324.1732
2007-03-07,0,0,53.32,-9.88,809.05
2007-03-08,0,0,53.32,-9.88,1070.426
2007-03-09,0,0,53.32,-9.88,1521.9724
2007-03-10,0,0,53.32,-9.88,1134.2349
2007-03-11,0,0,53.32,-9.88,753.6767
2007-03-12,0,0,53.32,-9.88,1052.1707
2007-03-13,0,0,53.32,-9.88,804.6842
2007-03-14,0,0,53.32,-9.88,738.8579
2007-03-15,0,0,53.32,-9.88,1130.2837
2007-03-16,0,0,53.32,-9.88,1108.7986
2007-03-17,0,0,53.32,-9.88,974.72205
2007-03-18,0,0,53.32,-9.88,1887.6614
2007-03-19,0,0,53.32,-9.88,1647.7212
2007-03-20,0,0,53.32,-9.88,1154.9689
2007-03-21,0,0,53.32,-9.88,442.49872
2007-03-22,0,0,53.32,-9.88,495.18646
2007-03-23,0,0,53.32,-9.88,243.6916
2007-03-24,0,0,53.32,-9.88,378.44482
2007-03-25,0,0,53.32,-9.88,505.22644
2007-03-26,0,0,53.32,-9.88,370.28912
2007-03-27,0,0,53.32,-9.88,282.66782
2007-03-28,0,0,53.32,-9.88,900.8395
2007-03-29,0,0,53.32,-9.88,1046.5737
2007-03-30,0,0,53.32,-9.88,705.8925
2007-03-31,0,0,53.32,-9.88,471.9419
2007-04-01,0,0,53.32,-9.88,509.63275
2007-04-02,0,0,53.32,-9.88,625.5962
2007-04-03,0,0,53.32,-9.88,707.15356
2007-04-04,0,0,53.32,-9.88,359.44534
2007-04-05,0,0,53.32,-9.88,233.43869
2007-04-06,0,0,53.32,-9.88,228.2597
2007-04-07,0,0,53.32,-9.88,160.85373
2007-04-08,0,0,53.32,-9.88,486.59756
2007-04-09,0,0,53.32,-9.88,576.84064
2007-04-10,0,0,53.32,-9.88,558.024
2007-04-11,0,0,53.32,-9.88,333.4299
2007-04-12,0,0,53.32,-9.88,289.31708
2007-04-13,0,0,53.32,-9.88,279.4035
2007-04-14,0,0,53.32,-9.88,327.34854
2007-04-15,0,0,53.32,-9.88,521.52405
2007-04-16,0,0,53.32,-9.88,600.02216
2007-04-17,0,0,53.32,-9.88,531.18616
2007-04-18,0,0,53.32,-9.88,356.9869
2007-04-19,0,0,53.32,-9.88,531.46204
2007-04-20,0,0,53.32,-9.88,475.86465
2007-04-21,0,0,53.32,-9.88,892.1248
2007-04-22,0,0,53.32,-9.88,653.3444
2007-04-23,0,0,53.32,-9.88,909.101
2007-04-24,0,0,53.32,-9.88,600.50085
2007-04-25,0,0,53.32,-9.88,980.7624
2007-04-26,0,0,53.32,-9.88,456.85526
2007-04-27,0,0,53.32,-9.88,446.8323
2007-04-28,0,0,53.32,-9.88,432.5946
2007-04-29,0,0,53.32,-9.88,476.83734
2007-04-30,0,0,53.32,-9.88,506.14307
2007-05-01,0,0,53.32,-9.88,469.1294
2007-05-02,0,0,53.32,-9.88,323.3275
2007-05-03,0,0,53.32,-9.88,205.82808
2007-05-04,0,0,53.32,-9.88,180.12334
2007-05-05,0,0,53.32,-9.88,570.45294
2007-05-06,0,0,53.32,-9.88,1142.6785
2007-05-07,0,0,53.32,-9.88,1141.7451
2007-05-08,0,0,53.32,-9.88,1155.0444
2007-05-09,0,0,53.32,-9.88,831.13916
2007-05-10,0,0,53.32,-9.88,1152.8486
2007-05-11,0,0,53.32,-9.88,465.95557
2007-05-12,0,0,53.32,-9.88,531.8718
2007-05-13,0,0,53.32,-9.88,871.5716
2007-05-14,0,0,53.32,-9.88,1006.2994
2007-05-15,0,0,53.32,-9.88,465.1216
2007-05-16,0,0,53.32,-9.88,743.2447
2007-05-17,0,0,53.32,-9.88,661.42084
2007-05-18,0,0,53.32,-9.88,1539.9601
2007-05-19,0,0,53.32,-9.88,1335.7373
2007-05-20,0,0,53.32,-9.88,900.81586
2007-05-21,0,0,53.32,-9.88,741.6518
2007-05-22,0,0,53.32,-9.88,779.69794
2007-05-23,0,0,53.32,-9.88,451.84662
2007-05-24,0,0,53.32,-9.88,509.05536
2007-05-25,0,0,53.32,-9.88,971.7029
2007-05-26,0,0,53.32,-9.88,787.29156
2007-05-27,0,0,53.32,-9.88,1186.2681
2007-05-28,0,0,53.32,-9.88,1092.6813
2007-05-29,0,0,53.32,-9.88,618.9896
2007-05-30,0,0,53.32,-9.88,605.4468
2007-05-31,0,0,53.32,-9.88,499.37845
2007-06-01,0,0,53.32,-9.88,653.1831
2007-06-02,0,0,53.32,-9.88,746.4026
2007-06-03,0,0,53.32,-9.88,585.5399
2007-06-04,0,0,53.32,-9.88,526.1544
2007-06-05,0,0,53.32,-9.88,261.60605
2007-06-06,0,0,53.32,-9.88,275.20044
2007-06-07,0,0,53.32,-9.88,330.8529
2007-06-08,0,0,53.32,-9.88,252.51309
2007-06-09,0,0,53.32,-9.88,328.54816
2007-06-10,0,0,53.32,-9.88,279.09808
2007-06-11,0,0,53.32,-9.88,217.58887
2007-06-12,0,0,53.32,-9.88,350.04712
2007-06-13,0,0,53.32,-9.88,224.11548
2007-06-14,0,0,53.32,-9.88,489.35785
2007-06-15,0,0,53.32,-9.88,626.8157
2007-06-16,0,0,53.32,-9.88,721.3683
2007-06-17,0,0,53.32,-9.88,372.95544
2007-06-18,0,0,53.32,-9.88,556.5458
2007-06-19,0,0,53.32,-9.88,713.19904
2007-06-20,0,0,53.32,-9.88,696.8212
2007-06-21,0,0,53.32,-9.88,702.7177
2007-06-22,0,0,53.32,-9.88,565.95337
2007-06-23,0,0,53.32,-9.88,702.0549
2007-06-24,0,0,53.32,-9.88,783.719
2007-06-25,0,0,53.32,-9.88,1151.4104
2007-06-26,0,0,53.32,-9.88,1127.977
2007-06-27,0,0,53.32,-9.88,1038.0546
2007-06-28,0,0,53.32,-9.88,827.0451
2007-06-29,0,0,53.32,-9.88,591.53516
2007-06-30,0,0,53.32,-9.88,721.3191
2007-07-01,0,0,53.32,-9.88,492.72528
2007-07-02,0,0,53.32,-9.88,691.2144
2007-07-03,0,0,53.32,-9.88,933.32294
2007-07-04,0,0,53.32,-9.88,994.84766
2007-07-05,0,0,53.32,-9.88,923.9897
2007-07-06,0,0,53.32,-9.88,965.00903
2007-07-07,0,0,53.32,-9.88,633.64374
2007-07-08,0,0,53.32,-9.88,559.5362
2007-07-09,0,0,53.32,-9.88,819.0731
2007-07-10,0,0,53.32,-9.88,757.2721
2007-07-11,0,0,53.32,-9.88,373.15036
2007-07-12,0,0,53.32,-9.88,538.1139
2007-07-13,0,0,53.32,-9.88,424.39145
2007-07-14,0,0,53.32,-9.88,573.3955
2007-07-15,0,0,53.32,-9.88,495.1317
2007-07-16,0,0,53.32,-9.88,393.08893
2007-07-17,0,0,53.32,-9.88,476.06787
2007-07-18,0,0,53.32,-9.88,650.7145
2007-07-19,0,0,53.32,-9.88,510.31296
2007-07-20,0,0,53.32,-9.88,445.44846
2007-07-21,0,0,53.32,-9.88,364.31873
2007-07-22,0,0,53.32,-9.88,432.03015
2007-07-23,0,0,53.32,-9.88,694.4377
2007-07-24,0,0,53.32,-9.88,757.9487
2007-07-25,0,0,53.32,-9.88,897.14325
2007-07-26,0,0,53.32,-9.88,833.5308
2007-07-27,0,0,53.32,-9.88,728.78815
2007-07-28,0,0,53.32,-9.88,471.96902
2007-07-29,0,0,53.32,-9.88,709.26056
2007-07-30,0,0,53.32,-9.88,425.73737
2007-07-31,0,0,53.32,-9.88,658.7583
2007-08-01,0,0,53.32,-9.88,665.0802
2007-08-02,0,0,53.32,-9.88,575.4161
2007-08-03,0,0,53.32,-9.88,801.4622
2007-08-04,0,0,53.32,-9.88,1140.4951
2007-08-05,0,0,53.32,-9.88,592.09216
2007-08-06,0,0,53.32,-9.88,578.33344
2007-08-07,0,0,53.32,-9.88,879.46
2007-08-08,0,0,53.32,-9.88,594.7133
2007-08-09,0,0,53.32,-9.88,803.2018
2007-08-10,0,0,53.32,-9.88,494.62045
2007-08-11,0,0,53.32,-9.88,361.23926
2007-08-12,0,0,53.32,-9.88,657.57336
2007-08-13,0,0,53.32,-9.88,714.4088
2007-08-14,0,0,53.32,-9.88,435.69666
2007-08-15,0,0,53.32,-9.88,882.256
2007-08-16,0,0,53.32,-9.88,965.949
2007-08-17,0,0,53.32,-9.88,844.4226
2007-08-18,0,0,53.32,-9.88,720.7793
2007-08-19,0,0,53.32,-9.88,855.53394
2007-08-20,0,0,53.32,-9.88,917.7296
2007-08-21,0,0,53.32,-9.88,924.6379
2007-08-22,0,0,53.32,-9.88,346.22452
2007-08-23,0,0,53.32,-9.88,374.49112
2007-08-24,0,0,53.32,-9.88,343.33316
2007-08-25,0,0,53.32,-9.88,480.8105
2007-08-26,0,0,53.32,-9.88,534.2323
2007-08-27,0,0,53.32,-9.88,548.3915
2007-08-28,0,0,53.32,-9.88,369.7879
2007-08-29,0,0,53.32,-9.88,623.7382
2007-08-30,0,0,53.32,-9.88,673.29944
2007-08-31,0,0,53.32,-9.88,690.2579
2007-09-01,0,0,53.32,-9.88,543.4521
2007-09-02,0,0,53.32,-9.88,666.3848
2007-09-03,0,0,53.32,-9.88,893.87976
2007-09-04,0,0,53.32,-9.88,330.69574
2007-09-05,0,0,53.32,-9.88,415.11017
2007-09-06,0,0,53.32,-9.88,222.02225
2007-09-07,0,0,53.32,-9.88,196.22874
2007-09-08,0,0,53.32,-9.88,392.62097
2007-09-09,0,0,53.32,-9.88,360.71356
2007-09-10,0,0,53.32,-9.88,729.73785
2007-09-11,0,0,53.32,-9.88,488.01654
2007-09-12,0,0,53.32,-9.88,223.92503
2007-09-13,0,0,53.32,-9.88,535.7584
2007-09-14,0,0,53.32,-9.88,897.80176
2007-09-15,0,0,53.32,-9.88,599.5409
2007-09-16,0,0,53.32,-9.88,907.38684
2007-09-17,0,0,53.32,-9.88,1173.4602
2007-09-18,0,0,53.32,-9.88,958.14813
2007-09-19,0,0,53.32,-9.88,759.21844
2007-09-20,0,0,53.32,-9.88,1082.7471
2007-09-21,0,0,53.32,-9.88,588.38214
2007-09-22,0,0,53.32,-9.88,902.93396
2007-09-23,0,0,53.32,-9.88,1156.6982
2007-09-24,0,0,53.32,-9.88,1317.4265
2007-09-25,0,0,53.32,-9.88,1088.5985
2007-09-26,0,0,53.32,-9.88,1006.7849
2007-09-27,0,0,53.32,-9.88,807.6565
2007-09-28,0,0,53.32,-9.88,611.5342
2007-09-29,0,0,53.32,-9.88,422.26163
2007-09-30,0,0,53.32,-9.88,215.99359
2007-10-01,0,0,53.32,-9.88,319.68097
2007-10-02,0,0,53.32,-9.88,257.79706
2007-10-03,0,0,53.32,-9.88,660.0469
2007-10-04,0,0,53.32,-9.88,616.36395
2007-10-05,0,0,53.32,-9.88,650.2268
2007-10-06,0,0,53.32,-9.88,265.42712
2007-10-07,0,0,53.32,-9.88,329.97186
2007-10-08,0,0,53.32,-9.88,474.90723
2007-10-09,0,0,53.32,-9.88,501.76514
2007-10-10,0,0,53.32,-9.88,313.37894
2007-10-11,0,0,53.32,-9.88,488.08447
2007-10-12,0,0,53.32,-9.88,788.65967
2007-10-13,0,0,53.32,-9.88,783.81177
2007-10-14,0,0,53.32,-9.88,549.88544
2007-10-15,0,0,53.32,-9.88,1043.3539
2007-10-16,0,0,53.32,-9.88,923.242
2007-10-17,0,0,53.32,-9.88,616.1255
2007-10-18,0,0,53.32,-9.88,681.6142
2007-10-19,0,0,53.32,-9.88,838.27057
2007-10-20,0,0,53.32,-9.88,1046.9149
2007-10-21,0,0,53.32,-9.88,988.11334
2007-10-22,0,0,53.32,-9.88,508.97522
2007-10-23,0,0,53.32,-9.88,377.4347
2007-10-24,0,0,53.32,-9.88,444.1001
2007-10-25,0,0,53.32,-9.88,560.06744
2007-10-26,0,0,53.32,-9.88,716.08496
2007-10-27,0,0,53.32,-9.88,817.3893
2007-10-28,0,0,53.32,-9.88,1077.0442
2007-10-29,0,0,53.32,-9.88,1145.244
2007-10-30,0,0,53.32,-9.88,636.04755
2007-10-31,0,0,53.32,-9.88,894.55914
2007-11-01,0,0,53.32,-9.88,733.6452
2007-11-02,0,0,53.32,-9.88,722.71045
2007-11-03,0,0,53.32,-9.88,388.56622
2007-11-04,0,0,53.32,-9.88,579.6028
2007-11-05,0,0,53.32,-9.88,905.1658
2007-11-06,0,0,53.32,-9.88,926.5026
2007-11-07,0,0,53.32,-9.88,851.6553
2007-11-08,0,0,53.32,-9.88,1295.3234
2007-11-09,0,0,53.32,-9.88,1236.7681
2007-11-10,0,0,53.32,-9.88,1005.79456
2007-11-11,0,0,53.32,-9.88,918.89874
2007-11-12,0,0,53.32,-9.88,424.31186
2007-11-13,0,0,53.32,-9.88,1119.5054
2007-11-14,0,0,53.32,-9.88,750.7013
2007-11-15,0,0,53.32,-9.88,397.76593
2007-11-16,0,0,53.32,-9.88,672.6319
2007-11-17,0,0,53.32,-9.88,950.47144
2007-11-18,0,0,53.32,-9.88,844.38995
2007-11-19,0,0,53.32,-9.88,1144.6224
2007-11-20,0,0,53.32,-9.88,691.49567
2007-11-21,0,0,53.32,-9.88,402.0141
2007-11-22,0,0,53.32,-9.88,789.34106
2007-11-23,0,0,53.32,-9.88,781.45483
2007-11-24,0,0,53.32,-9.88,1135.0647
2007-11-25,0,0,53.32,-9.88,614.176
2007-11-26,0,0,53.32,-9.88,385.34222
2007-11-27,0,0,53.32,-9.88,589.60205
2007-11-28,0,0,53.32,-9.88,775.7302
2007-11-29,0,0,53.32,-9.88,991.2145
2007-11-30,0,0,53.32,-9.88,859.6385
2007-12-01,0,0,53.32,-9.88,1644.8203
2007-12-02,0,0,53.32,-9.88,1490.4554
2007-12-03,0,0,53.32,-9.88,1256.767
2007-12-04,0,0,53.32,-9.88,1146.0688
2007-12-05,0,0,53.32,-9.88,1539.5066
2007-12-06,0,0,53.32,-9.88,864.0171
2007-12-07,0,0,53.32,-9.88,1362.5798
2007-12-08,0,0,53.32,-9.88,1241.7888
2007-12-09,0,0,53.32,-9.88,1538.4287
2007-12-10,0,0,53.32,-9.88,847.4947
2007-12-11,0,0,53.32,-9.88,925.9055
2007-12-12,0,0,53.32,-9.88,976.8587
2007-12-13,0,0,53.32,-9.88,1069.2649
2007-12-14,0,0,53.32,-9.88,1024.639
2007-12-15,0,0,53.32,-9.88,1005.31335
2007-12-16,0,0,53.32,-9.88,1032.2583
2007-12-17,0,0,53.32,-9.88,860.0412
2007-12-18,0,0,53.32,-9.88,712.6356
2007-12-19,0,0,53.32,-9.88,510.28613
2007-12-20,0,0,53.32,-9.88,660.8485
2007-12-21,0,0,53.32,-9.88,626.2306
2007-12-22,0,0,53.32,-9.88,917.8097
2007-12-23,0,0,53.32,-9.88,1306.8718
2007-12-24,0,0,53.32,-9.88,701.58167
2007-12-25,0,0,53.32,-9.88,1129.2809
2007-12-26,0,0,53.32,-9.88,1224.4775
2007-12-27,0,0,53.32,-9.88,1101.6544
2007-12-28,0,0,53.32,-9.88,1220.6978
2007-12-29,0,0,53.32,-9.88,1292.2843
2007-12-30,0,0,53.32,-9.88,880.931
2007-12-31,0,0,53.32,-9.88,540.62604
2008-01-01,0,0,53.32,-9.88,953.6341
2008-01-02,0,0,53.32,-9.88,977.4241
2008-01-03,0,0,53.32,-9.88,988.5303
2008-01-04,0,0,53.32,-9.88,845.67035
2008-01-05,0,0,53.32,-9.88,1643.7942
2008-01-06,0,0,53.32,-9.88,816.2131
2008-01-07,0,0,53.32,-9.88,1395.6
2008-01-08,0,0,53.32,-9.88,1408.4501
2008-01-09,0,0,53.32,-9.88,1311.5804
2008-01-10,0,0,53.32,-9.88,989.7523
2008-01-11,0,0,53.32,-9.88,694.22974
2008-01-12,0,0,53.32,-9.88,849.9936
2008-01-13,0,0,53.32,-9.88,927.1698
2008-01-14,0,0,53.32,-9.88,808.9593
2008-01-15,0,0,53.32,-9.88,731.41974
2008-01-16,0,0,53.32,-9.88,410.0025
2008-01-17,0,0,53.32,-9.88,1421.1089
2008-01-18,0,0,53.32,-9.88,1239.4875
2008-01-19,0,0,53.32,-9.88,596.7351
2008-01-20,0,0,53.32,-9.88,431.63736
2008-01-21,0,0,53.32,-9.88,623.5829
2008-01-22,0,0,53.32,-9.88,624.3176
2008-01-23,0,0,53.32,-9.88,963.24
2008-01-24,0,0,53.32,-9.88,1784.147
2008-01-25,0,0,53.32,-9.88,1503.5549
2008-01-26,0,0,53.32,-9.88,1106.0684
2008-01-27,0,0,53.32,-9.88,860.30646
2008-01-28,0,0,53.32,-9.88,803.0998
2008-01-29,0,0,53.32,-9.88,907.9977
2008-01-30,0,0,53.32,-9.88,1225.7571
2008-01-31,0,0,53.32,-9.88,1811.8577
2008-02-01,0,0,53.32,-9.88,1023.7367
2008-02-02,0,0,53.32,-9.88,1149.6775
2008-02-03,0,0,53.32,-9.88,979.1023
2008-02-04,0,0,53.32,-9.88,1318.9902
2008-02-05,0,0,53.32,-9.88,660.7296
2008-02-06,0,0,53.32,-9.88,1017.6152
2008-02-07,0,0,53.32,-9.88,1124.0759
2008-02-08,0,0,53.32,-9.88,975.2789
2008-02-09,0,0,53.32,-9.88,795.6502
2008-02-10,0,0,53.32,-9.88,349.55002
2008-02-11,0,0,53.32,-9.88,426.88086
2008-02-12,0,0,53.32,-9.88,220.33159
2008-02-13,0,0,53.32,-9.88,230.61314
2008-02-14,0,0,53.32,-9.88,316.30066
2008-02-15,0,0,53.32,-9.88,556.60956
2008-02-16,0,0,53.32,-9.88,613.25995
2008-02-17,0,0,53.32,-9.88,491.92966
2008-02-18,0,0,53.32,-9.88,338.0075
2008-02-19,0,0,53.32,-9.88,424.55728
2008-02-20,0,0,53.32,-9.88,844.0928
2008-02-21,0,0,53.32,-9.88,1162.3618
2008-02-22,0,0,53.32,-9.88,1314.6777
2008-02-23,0,0,53.32,-9.88,1020.6351
2008-02-24,0,0,53.32,-9.88,1282.522
2008-02-25,0,0,53.32,-9.88,1526.4119
2008-02-26,0,0,53.32,-9.88,1532.4865
2008-02-27,0,0,53.32,-9.88,664.8354
2008-02-28,0,0,53.32,-9.88,665.7505
2008-02-29,0,0,53.32,-9.88,1295.5518
2008-03-01,0,0,53.32,-9.88,1420.2325
2008-03-02,0,0,53.32,-9.88,1355.091
2008-03-03,0,0,53.32,-9.88,1442.9447
2008-03-04,0,0,53.32,-9.88,1191.1387
2008-03-05,0,0,53.32,-9.88,1084.7759
2008-03-06,0,0,53.32,-9.88,1306.8307
2008-03-07,0,0,53.32,-9.88,1331.3008
2008-03-08,0,0,53.32,-9.88,1338.9222
2008-03-09,0,0,53.32,-9.88,1212.7402
2008-03-10,0,0,53.32,-9.88,1193.9211
2008-03-11,0,0,53.32,-9.88,1590.6506
2008-03-12,0,0,53.32,-9.88,1832.1355
2008-03-13,0,0,53.32,-9.88,954.94476
2008-03-14,0,0,53.32,-9.88,424.6647
2008-03-15,0,0,53.32,-9.88,563.7007
2008-03-16,0,0,53.32,-9.88,861.6489
2008-03-17,0,0,53.32,-9.88,1062.22
2008-03-18,0,0,53.32,-9.88,708.1995
2008-03-19,0,0,53.32,-9.88,589.4443
2008-03-20,0,0,53.32,-9.88,1118.1096
2008-03-21,0,0,53.32,-9.88,1578.3586
2008-03-22,0,0,53.32,-9.88,1347.6123
2008-03-23,0,0,53.32,-9.88,1225.2439
2008-03-24,0,0,53.32,-9.88,905.24713
2008-03-25,0,0,53.32,-9.88,638.3617
2008-03-26,0,0,53.32,-9.88,856.996
2008-03-27,0,0,53.32,-9.88,756.7096
2008-03-28,0,0,53.32,-9.88,1233.7118
2008-03-29,0,0,53.32,-9.88,1166.1921
2008-03-30,0,0,53.32,-9.88,901.11725
2008-03-31,0,0,53.32,-9.88,622.31836
2008-04-01,0,0,53.32,-9.88,1539.0387
2008-04-02,0,0,53.32,-9.88,578.2085
2008-04-03,0,0,53.32,-9.88,349.0165
2008-04-04,0,0,53.32,-9.88,480.63007
2008-04-05,0,0,53.32,-9.88,1223.303
2008-04-06,0,0,53.32,-9.88,1216.9841
2008-04-07,0,0,53.32,-9.88,1001.904
2008-04-08,0,0,53.32,-9.88,808.1676
2008-04-09,0,0,53.32,-9.88,567.7903
2008-04-10,0,0,53.32,-9.88,932.75824
2008-04-11,0,0,53.32,-9.88,766.32227
2008-04-12,0,0,53.32,-9.88,752.1865
2008-04-13,0,0,53.32,-9.88,727.0167
2008-04-14,0,0,53.32,-9.88,587.2016
2008-04-15,0,0,53.32,-9.88,440.34253
2008-04-16,0,0,53.32,-9.88,1053.4424
2008-04-17,0,0,53.32,-9.88,1060.8643
2008-04-18,0,0,53.32,-9.88,1169.272
2008-04-19,0,0,53.32,-9.88,1205.6631
2008-04-20,0,0,53.32,-9.88,780.03094
2008-04-21,0,0,53.32,-9.88,517.00256
2008-04-22,0,0,53.32,-9.88,685.5204
2008-04-23,0,0,53.32,-9.88,888.3459
2008-04-24,0,0,53.32,-9.88,981.42847
2008-04-25,0,0,53.32,-9.88,834.0949
2008-04-26,0,0,53.32,-9.88,845.8495
2008-04-27,0,0,53.32,-9.88,584.284
2008-04-28,0,0,53.32,-9.88,623.30927
2008-04-29,0,0,53.32,-9.88,698.3711
2008-04-30,0,0,53.32,-9.88,944.89856
2008-05-01,0,0,53.32,-9.88,744.205
2008-05-02,0,0,53.32,-9.88,670.9564
2008-05-03,0,0,53.32,-9.88,943.59686
2008-05-04,0,0,53.32,-9.88,832.5061
2008-05-05,0,0,53.32,-9.88,658.2606
2008-05-06,0,0,53.32,-9.88,492.2647
2008-05-07,0,0,53.32,-9.88,355.161
2008-05-08,0,0,53.32,-9.88,660.51807
2008-05-09,0,0,53.32,-9.88,412.69836
2008-05-10,0,0,53.32,-9.88,391.94348
2008-05-11,0,0,53.32,-9.88,248.62524
2008-05-12,0,0,53.32,-9.88,184.41777
2008-05-13,0,0,53.32,-9.88,424.5886
2008-05-14,0,0,53.32,-9.88,512.419
2008-05-15,0,0,53.32,-9.88,481.695
2008-05-16,0,0,53.32,-9.88,300.944
2008-05-17,0,0,53.32,-9.88,570.6132
2008-05-18,0,0,53.32,-9.88,634.8481
2008-05-19,0,0,53.32,-9.88,801.31775
2008-05-20,0,0,53.32,-9.88,1081.7825
2008-05-21,0,0,53.32,-9.88,972.5524
2008-05-22,0,0,53.32,-9.88,523.6227
2008-05-23,0,0,53.32,-9.88,603.31335
2008-05-24,0,0,53.32,-9.88,760.21564
2008-05-25,0,0,53.32,-9.88,1329.3518
2008-05-26,0,0,53.32,-9.88,1283.9077
2008-05-27,0,0,53.32,-9.88,1221.1116
2008-05-28,0,0,53.32,-9.88,430.03876
2008-05-29,0,0,53.32,-9.88,346.20477
2008-05-30,0,0,53.32,-9.88,198.7026
2008-05-31,0,0,53.32,-9.88,225.40558
