date,hybrid,latitude,longitude,u,v
2011-04-01,60,53.14,13.03,2.7117906,0.16824296
2011-04-02,60,53.14,13.03,0.29880136,0.9732996
2011-04-03,60,53.14,13.03,0.048715293,0.4799792
2011-04-04,60,53.14,13.03,1.2077329,-0.8529678
2011-04-05,60,53.14,13.03,1.7027571,1.0479511
2011-04-06,60,53.14,13.03,2.3998888,0.7675469
2011-04-07,60,53.14,13.03,3.1398988,-0.3566806
2011-04-08,60,53.14,13.03,3.978341,-1.166716
2011-04-09,60,53.14,13.03,1.7284372,-1.5974159
2011-04-10,60,53.14,13.03,1.0158603,-1.2193925
2011-04-11,60,53.14,13.03,1.2572917,0.027741186
2011-04-12,60,53.14,13.03,3.0718994,-1.01127
2011-04-13,60,53.14,13.03,2.540502,-1.5809802
2011-04-14,60,53.14,13.03,0.83987886,-1.5630276
2011-04-15,60,53.14,13.03,-0.025981188,-0.97694176
2011-04-16,60,53.14,13.03,0.6394952,0.2968259
2011-04-17,60,53.14,13.03,1.0734522,-0.2536692
2011-04-18,60,53.14,13.03,0.36403647,-0.36559758
2011-04-19,60,53.14,13.03,-1.1816899,0.5159523
2011-04-20,60,53.14,13.03,-1.068486,0.41181675
2011-04-21,60,53.14,13.03,-1.0857694,-0.21153411
2011-04-22,60,53.14,13.03,-1.5794728,-0.23431909
2011-04-23,60,53.14,13.03,-2.212926,-0.2624842
2011-04-24,60,53.14,13.03,-1.4221585,-0.77473366
2011-04-25,60,53.14,13.03,-0.91900986,-1.3587328
2011-04-26,60,53.14,13.03,-0.6723745,-1.0124583
2011-04-27,60,53.14,13.03,-0.5300721,-0.7794062
2011-04-28,60,53.14,13.03,-1.7281537,-1.008114
2011-04-29,60,53.14,13.03,-2.135565,-1.4899416
2011-04-30,60,53.14,13.03,-1.8899384,-1.838695
2011-05-01,60,53.14,13.03,-1.31597,-1.8483831
2011-05-02,60,53.14,13.03,-1.717491,-1.62058
2011-05-03,60,53.14,13.03,-0.73362267,-1.2625777
2011-05-04,60,53.14,13.03,0.6401947,-0.8159503
2011-05-05,60,53.14,13.03,0.8796425,-0.15608467
2011-05-06,60,53.14,13.03,-0.20633855,1.0679101
2011-05-07,60,53.14,13.03,-1.6172268,0.5097193
2011-05-08,60,53.14,13.03,-1.902137,0.10280551
2011-05-09,60,53.14,13.03,-1.3855647,1.0815618
2011-05-10,60,53.14,13.03,-0.66258645,1.033027
2011-05-11,60,53.14,13.03,0.13303302,0.4319964
2011-05-12,60,53.14,13.03,0.5393348,-0.39904085
2011-05-13,60,53.14,13.03,2.570903,-0.5314039
2011-05-14,60,53.14,13.03,0.25963032,0.51032877
2011-05-15,60,53.14,13.03,1.9119627,-0.11627112
2011-05-16,60,53.14,13.03,2.0837789,0.9621294
2011-05-17,60,53.14,13.03,2.2724228,1.0174328
2011-05-18,60,53.14,13.03,0.62361413,0.92715764
2011-05-19,60,53.14,13.03,0.62304676,-0.07183202
2011-05-20,60,53.14,13.03,-0.049604617,-0.27828017
2011-05-21,60,53.14,13.03,-0.21618941,-0.59657395
2011-05-22,60,53.14,13.03,-0.2232067,1.3996797
2011-05-23,60,53.14,13.03,1.3585144,0.74322134
2011-05-24,60,53.14,13.03,1.538986,0.35569704
2011-05-25,60,53.14,13.03,2.0894408,0.21549907
2011-05-26,60,53.14,13.03,-0.73118526,1.7052686
2011-05-27,60,53.14,13.03,1.8840348,1.0266166
2011-05-28,60,53.14,13.03,1.469509,0.7481602
2011-05-29,60,53.14,13.03,2.0034938,1.1919773
2011-05-30,60,53.14,13.03,-0.158791,1.317379
2011-05-31,60,53.14,13.03,0.03718245,0.4911644
2011-06-01,60,53.14,13.03,0.70672524,-2.3307893
2011-06-02,60,53.14,13.03,0.24174203,-1.4514654
2011-06-03,60,53.14,13.03,-0.22178733,-1.1891553
2011-06-04,60,53.14,13.03,-0.84757644,-0.84133005
2011-06-05,60,53.14,13.03,-1.5052953,0.15217586
2011-06-06,60,53.14,13.03,-0.6824496,1.3090805
2011-06-07,60,53.14,13.03,0.5872089,0.7724084
2011-06-08,60,53.14,13.03,-0.4745119,0.12248777
2011-06-09,60,53.14,13.03,2.426072,-0.33490238
2011-06-10,60,53.14,13.03,1.1702459,-0.82139933
2011-06-11,60,53.14,13.03,0.22146621,0.14793059
2011-06-12,60,53.14,13.03,0.4962358,-0.3494988
2011-06-13,60,53.14,13.03,0.007333815,0.6513892
2011-06-14,60,53.14,13.03,1.3126165,-0.21429719
2011-06-15,60,53.14,13.03,0.68565387,-0.18335602
2011-06-16,60,53.14,13.03,-0.10232702,0.98903054
2011-06-17,60,53.14,13.03,1.7608398,0.80001116
2011-06-18,60,53.14,13.03,0.46459076,1.196794
2011-06-19,60,53.14,13.03,2.1581562,1.753928
2011-06-20,60,53.14,13.03,2.4836004,0.21193679
2011-06-21,60,53.14,13.03,1.247426,0.8701371
2011-06-22,60,53.14,13.03,0.7728059,1.4250603
2011-06-23,60,53.14,13.03,1.9771805,1.0090309
2011-06-24,60,53.14,13.03,2.17036,-0.07437127
2011-06-25,60,53.14,13.03,2.040883,-0.09528287
2011-06-26,60,53.14,13.03,0.995898,-0.32697123
2011-06-27,60,53.14,13.03,-0.4815935,-0.28888693
2011-06-28,60,53.14,13.03,-1.4494727,0.103130564
2011-06-29,60,53.14,13.03,-0.95295656,0.003806185
2011-06-30,60,53.14,13.03,1.9828651,-1.1799526
2011-07-01,60,53.14,13.03,2.0903144,-0.9418084
2011-07-02,60,53.14,13.03,3.314783,-0.68546927
2011-07-03,60,53.14,13.03,1.4508318,-1.9082743
2011-07-04,60,53.14,13.03,1.167124,-0.9647691
2011-07-05,60,53.14,13.03,-0.45522884,-0.6025333
2011-07-06,60,53.14,13.03,-0.7924409,0.20622489
2011-07-07,60,53.14,13.03,0.113182925,-0.10067564
2011-07-08,60,53.14,13.03,0.26199764,0.73101044
2011-07-09,60,53.14,13.03,-0.08039024,1.3035576
2011-07-10,60,53.14,13.03,0.23726624,-0.91397166
2011-07-11,60,53.14,13.03,-0.02572018,-0.64826715
2011-07-12,60,53.14,13.03,-0.37745607,-0.09398895
2011-07-13,60,53.14,13.03,-1.9215109,0.21590349
2011-07-14,60,53.14,13.03,1.0316377,1.2934396
2011-07-15,60,53.14,13.03,2.0227346,2.2385733
2011-07-16,60,53.14,13.03,0.7739196,0.93012226
2011-07-17,60,53.14,13.03,0.07833706,2.0507429
2011-07-18,60,53.14,13.03,0.69548666,1.8408542
2011-07-19,60,53.14,13.03,0.17769992,0.87668073
2011-07-20,60,53.14,13.03,-0.37482655,-2.08958
2011-07-21,60,53.14,13.03,1.6501696,-2.1755955
2011-07-22,60,53.14,13.03,4.0920105,-1.2096941
2011-07-23,60,53.14,13.03,2.9281557,1.0891691
2011-07-24,60,53.14,13.03,1.3635793,2.4345317
2011-07-25,60,53.14,13.03,1.3097699,1.1762345
2011-07-26,60,53.14,13.03,-0.28408608,0.14240605
2011-07-27,60,53.14,13.03,-0.45051008,-0.976687
2011-07-28,60,53.14,13.03,1.0852399,-1.1232795
2011-07-29,60,53.14,13.03,2.5579286,-0.6944347
2011-07-30,60,53.14,13.03,2.000731,-1.4369929
2011-07-31,60,53.14,13.03,0.9373593,-0.9608561
2011-08-01,60,53.14,13.03,0.34118164,-0.9653787
2011-08-02,60,53.14,13.03,-1.0024289,-0.4783246
2011-08-03,60,53.14,13.03,-1.5543263,0.23385453
2011-08-04,60,53.14,13.03,-0.91910255,1.0666945
2011-08-05,60,53.14,13.03,0.5621244,0.92393494
2011-08-06,60,53.14,13.03,-0.6456502,0.7545906
2011-08-07,60,53.14,13.03,1.4715753,1.0437071
2011-08-08,60,53.14,13.03,1.395005,1.2825445
2011-08-09,60,53.14,13.03,3.0493884,1.3533363
2011-08-10,60,53.14,13.03,2.7225828,0.056125663
2011-08-11,60,53.14,13.03,2.0952632,1.4389029
2011-08-12,60,53.14,13.03,1.2858784,1.1077634
2011-08-13,60,53.14,13.03,0.9161247,0.5186665
2011-08-14,60,53.14,13.03,-0.8413261,1.1839181
2011-08-15,60,53.14,13.03,2.0074642,0.31905136
2011-08-16,60,53.14,13.03,0.8533687,-0.13615312
2011-08-17,60,53.14,13.03,0.123476386,1.1451102
2011-08-18,60,53.14,13.03,-0.24101552,-0.70486045
2011-08-19,60,53.14,13.03,1.7480505,0.26892346
2011-08-20,60,53.14,13.03,1.9138929,0.01153576
2011-08-21,60,53.14,13.03,-0.5144078,1.3867915
2011-08-22,60,53.14,13.03,1.2377639,-0.13863155
2011-08-23,60,53.14,13.03,-1.5227833,0.24004862
2011-08-24,60,53.14,13.03,-0.27861014,0.27125508
2011-08-25,60,53.14,13.03,0.6090709,0.24447668
2011-08-26,60,53.14,13.03,-1.9618658,0.7877485
2011-08-27,60,53.14,13.03,1.1400521,0.6104956
2011-08-28,60,53.14,13.03,1.5583962,1.7141343
2011-08-29,60,53.14,13.03,1.9880438,1.404164
2011-08-30,60,53.14,13.03,2.6182318,0.89504635
2011-08-31,60,53.14,13.03,1.5324975,0.8182944
2011-09-01,60,53.14,13.03,1.080622,0.052747108
2011-09-02,60,53.14,13.03,-0.01792363,0.1493491
2011-09-03,60,53.14,13.03,-0.8230859,0.8451043
2011-09-04,60,53.14,13.03,-1.2165638,1.119809
2011-09-05,60,53.14,13.03,1.0710642,0.26075396
2011-09-06,60,53.14,13.03,1.6773374,1.8251755
2011-09-07,60,53.14,13.03,2.4437873,1.6737192
2011-09-08,60,53.14,13.03,2.6020846,0.68079793
2011-09-09,60,53.14,13.03,1.5560577,0.2245611
2011-09-10,60,53.14,13.03,0.3368405,0.906206
2011-09-11,60,53.14,13.03,0.38960883,0.96347344
2011-09-12,60,53.14,13.03,1.7317406,1.7718923
2011-09-13,60,53.14,13.03,2.7588189,1.2587736
2011-09-14,60,53.14,13.03,2.8532703,1.1429005
2011-09-15,60,53.14,13.03,2.5733626,0.5427802
2011-09-16,60,53.14,13.03,0.8443873,-0.031340905
2011-09-17,60,53.14,13.03,-0.6518362,0.99405783
2011-09-18,60,53.14,13.03,0.04175429,1.0097065
2011-09-19,60,53.14,13.03,0.8231194,1.09276
2011-09-20,60,53.14,13.03,1.2059598,0.9445264
2011-09-21,60,53.14,13.03,1.076315,1.281805
2011-09-22,60,53.14,13.03,1.6866369,0.8965473
2011-09-23,60,53.14,13.03,1.7628865,0.36444667
2011-09-24,60,53.14,13.03,0.34359837,0.6712901
2011-09-25,60,53.14,13.03,-0.47474143,1.0982803
2011-09-26,60,53.14,13.03,0.30864072,1.1480987
2011-09-27,60,53.14,13.03,0.65320367,-0.6989669
2011-09-28,60,53.14,13.03,0.3247793,0.37648588
2011-09-29,60,53.14,13.03,0.71295136,0.36805195
2011-09-30,60,53.14,13.03,0.43181452,0.859973
2011-10-01,60,53.14,13.03,-0.20755193,0.32022935
2011-10-02,60,53.14,13.03,-0.013613366,0.8126251
2011-10-03,60,53.14,13.03,1.4298816,0.7948595
2011-10-04,60,53.14,13.03,2.1764746,0.78771156
2011-10-05,60,53.14,13.03,2.3602545,0.8181988
2011-10-06,60,53.14,13.03,2.4991038,1.9894464
2011-10-07,60,53.14,13.03,2.5554936,1.1611255
2011-10-08,60,53.14,13.03,2.656976,-0.7279397
2011-10-09,60,53.14,13.03,1.4094577,0.21460053
2011-10-10,60,53.14,13.03,2.1552627,1.4104319
2011-10-11,60,53.14,13.03,2.154676,0.08913936
2011-10-12,60,53.14,13.03,2.4054863,-0.5000614
2011-10-13,60,53.14,13.03,0.9669108,-1.2809763
2011-10-14,60,53.14,13.03,-0.19823198,-0.8169691
2011-10-15,60,53.14,13.03,-0.6524548,0.60645807
2011-10-16,60,53.14,13.03,-0.9266511,1.4009286
2011-10-17,60,53.14,13.03,0.31467882,1.3882306
2011-10-18,60,53.14,13.03,1.7708085,2.0772758
2011-10-19,60,53.14,13.03,2.147527,1.5736041
2011-10-20,60,53.14,13.03,2.0226564,0.68017626
2011-10-21,60,53.14,13.03,1.4699199,0.72166276
2011-10-22,60,53.14,13.03,-0.22886159,1.289627
2011-10-23,60,53.14,13.03,-1.314787,1.3645597
2011-10-24,60,53.14,13.03,-2.3584259,1.048776
2011-10-25,60,53.14,13.03,-2.655764,0.6217224
2011-10-26,60,53.14,13.03,-0.694064,1.2119796
2011-10-27,60,53.14,13.03,-1.4176176,0.81311154
2011-10-28,60,53.14,13.03,0.2887476,1.131573
2011-10-29,60,53.14,13.03,-0.24533883,0.5900851
2011-10-30,60,53.14,13.03,0.8571667,1.1884276
2011-10-31,60,53.14,13.03,0.8800146,0.55576175
2011-11-01,60,53.14,13.03,-0.75476265,1.3698823
2011-11-02,60,53.14,13.03,-0.376215,1.1867384
2011-11-03,60,53.14,13.03,-1.0535808,1.3191006
2011-11-04,60,53.14,13.03,-1.1131907,1.3760508
2011-11-05,60,53.14,13.03,-1.7707452,0.48610508
2011-11-06,60,53.14,13.03,-1.0502893,0.40052897
2011-11-07,60,53.14,13.03,-1.1577173,-0.6075416
2011-11-08,60,53.14,13.03,-1.252552,-0.050529804
2011-11-09,60,53.14,13.03,-1.1812806,0.17391978
2011-11-10,60,53.14,13.03,-1.6742498,0.39173234
2011-11-11,60,53.14,13.03,-2.0137162,1.0088092
2011-11-12,60,53.14,13.03,-1.3125138,1.0184753
2011-11-13,60,53.14,13.03,-0.7276168,0.65129447
2011-11-14,60,53.14,13.03,-0.4621925,-0.13557349
2011-11-15,60,53.14,13.03,-0.61024237,0.015806455
2011-11-16,60,53.14,13.03,-1.0824687,0.6820602
2011-11-17,60,53.14,13.03,0.25493544,1.1438532
2011-11-18,60,53.14,13.03,0.4169831,0.6952822
2011-11-19,60,53.14,13.03,0.27015376,0.7957932
2011-11-20,60,53.14,13.03,-0.20905258,0.73357034
2011-11-21,60,53.14,13.03,-1.0519274,0.49800318
2011-11-22,60,53.14,13.03,-1.295182,0.72488534
2011-11-23,60,53.14,13.03,-0.2461492,0.9379891
2011-11-24,60,53.14,13.03,1.1109352,0.9497808
2011-11-25,60,53.14,13.03,1.3088995,1.5595891
2011-11-26,60,53.14,13.03,3.22912,1.1481369
2011-11-27,60,53.14,13.03,3.502337,1.5782804
2011-11-28,60,53.14,13.03,2.3467984,0.22150844
2011-11-29,60,53.14,13.03,0.38761073,1.7255241
2011-11-30,60,53.14,13.03,1.8822815,1.0501199
2011-12-01,60,53.14,13.03,0.32915974,2.0968869
2011-12-02,60,53.14,13.03,1.9146726,1.2735368
2011-12-03,60,53.14,13.03,1.8110452,2.5552783
2011-12-04,60,53.14,13.03,2.5968297,1.4067795
2011-12-05,60,53.14,13.03,2.5163949,1.0097933
2011-12-06,60,53.14,13.03,2.3419764,1.4558021
2011-12-07,60,53.14,13.03,1.7156866,1.4272183
2011-12-08,60,53.14,13.03,2.3626337,0.5791439
2011-12-09,60,53.14,13.03,3.0414653,2.0715735
2011-12-10,60,53.14,13.03,2.8191414,1.1199615
2011-12-11,60,53.14,13.03,1.6160514,1.2837946
2011-12-12,60,53.14,13.03,0.6155959,1.7007443
2011-12-13,60,53.14,13.03,1.0605291,2.875017
2011-12-14,60,53.14,13.03,1.2035391,2.2646372
2011-12-15,60,53.14,13.03,1.2543049,2.220785
2011-12-16,60,53.14,13.03,-0.65037644,1.5734532
2011-12-17,60,53.14,13.03,3.2496545,-1.465138
2011-12-18,60,53.14,13.03,2.7672899,0.4375851
2011-12-19,60,53.14,13.03,2.6716402,1.2627909
2011-12-20,60,53.14,13.03,0.060513675,2.1090767
2011-12-21,60,53.14,13.03,1.304824,-0.48631084
2011-12-22,60,53.14,13.03,0.631403,0.80112714
2011-12-23,60,53.14,13.03,1.225083,0.9068287
2011-12-24,60,53.14,13.03,1.7486221,0.015471339
2011-12-25,60,53.14,13.03,2.0938728,1.2558565
2011-12-26,60,53.14,13.03,2.6495292,1.0675557
2011-12-27,60,53.14,13.03,2.448152,0.6929689
2011-12-28,60,53.14,13.03,1.087766,1.5626016
2011-12-29,60,53.14,13.03,2.8945935,1.9315199
2011-12-30,60,53.14,13.03,2.1381273,0.24186152
2011-12-31,60,53.14,13.03,1.0581969,0.5563849
2012-01-01,60,53.14,13.03,0.6874843,1.4799877
2012-01-02,60,53.14,13.03,1.60287,1.2509841
2012-01-03,60,53.14,13.03,1.7662234,2.6846988
2012-01-04,60,53.14,13.03,3.7384887,1.4535625
2012-01-05,60,53.14,13.03,3.3156743,1.9869242
2012-01-06,60,53.14,13.03,2.1877017,-1.8049045
2012-01-07,60,53.14,13.03,2.4284482,0.7202306
2012-01-08,60,53.14,13.03,2.116167,-0.3082547
2012-01-09,60,53.14,13.03,1.3089454,-0.121543944
2012-01-10,60,53.14,13.03,2.5161934,-1.1064446
2012-01-11,60,53.14,13.03,2.3924723,0.37270737
2012-01-12,60,53.14,13.03,3.2529838,0.8182878
2012-01-13,60,53.14,13.03,3.2842522,-1.125115
2012-01-14,60,53.14,13.03,1.7701226,-2.4764113
2012-01-15,60,53.14,13.03,0.56242794,-1.3320806
2012-01-16,60,53.14,13.03,1.3836257,-0.45916992
2012-01-17,60,53.14,13.03,1.792623,-1.0559641
2012-01-18,60,53.14,13.03,1.6678454,0.85107076
2012-01-19,60,53.14,13.03,2.4232454,0.7025376
2012-01-20,60,53.14,13.03,2.7149787,-0.13662946
2012-01-21,60,53.14,13.03,1.6640855,1.1402922
2012-01-22,60,53.14,13.03,2.9531367,0.30813986
2012-01-23,60,53.14,13.03,1.16038,-0.6147529
2012-01-24,60,53.14,13.03,-0.35280532,-0.5231738
2012-01-25,60,53.14,13.03,-0.47858617,-0.2755581
2012-01-26,60,53.14,13.03,-1.3286272,0.84665495
2012-01-27,60,53.14,13.03,-1.4488144,1.3705218
2012-01-28,60,53.14,13.03,-1.2238615,0.066012844
2012-01-29,60,53.14,13.03,-1.7485116,0.18955961
2012-01-30,60,53.14,13.03,-2.4222863,0.40774813
2012-01-31,60,53.14,13.03,-2.3978455,0.022312967
2012-02-01,60,53.14,13.03,-1.8542902,-0.77541786
2012-02-02,60,53.14,13.03,-0.30929485,-0.2398887
2012-02-03,60,53.14,13.03,0.3444537,-0.40002626
2012-02-04,60,53.14,13.03,0.6238024,-0.73912346
2012-02-05,60,53.14,13.03,-0.5964099,0.19433892
2012-02-06,60,53.14,13.03,-0.7762617,-0.310425
2012-02-07,60,53.14,13.03,-0.9730858,-0.95192355
2012-02-08,60,53.14,13.03,-0.8059152,-0.74731416
2012-02-09,60,53.14,13.03,-0.70493007,-1.4859004
2012-02-10,60,53.14,13.03,-0.7072864,-0.49654332
2012-02-11,60,53.14,13.03,-0.5196081,-0.14699033
2012-02-12,60,53.14,13.03,1.3308886,0.8765269
2012-02-13,60,53.14,13.03,0.87562776,-0.074702695
2012-02-14,60,53.14,13.03,0.65576875,1.2890302
2012-02-15,60,53.14,13.03,2.5621877,-2.145992
2012-02-16,60,53.14,13.03,1.1590173,-0.38989842
2012-02-17,60,53.14,13.03,2.615438,-0.65710723
2012-02-18,60,53.14,13.03,1.2475692,1.5224482
2012-02-19,60,53.14,13.03,2.342253,1.0072689
2012-02-20,60,53.14,13.03,2.1865015,0.054522336
2012-02-21,60,53.14,13.03,2.611009,1.5005084
2012-02-22,60,53.14,13.03,2.4643056,1.4086937
2012-02-23,60,53.14,13.03,3.4344034,0.34294572
2012-02-24,60,53.14,13.03,3.6324477,-0.1909726
2012-02-25,60,53.14,13.03,3.9294543,-0.85179293
2012-02-26,60,53.14,13.03,1.2016463,-1.5560374
2012-02-27,60,53.14,13.03,1.1015495,0.3839797
2012-02-28,60,53.14,13.03,2.6891088,-0.20119941
2012-02-29,60,53.14,13.03,1.6507175,-0.78651303
2012-03-01,60,53.14,13.03,1.7948949,-0.30337432
2012-03-02,60,53.14,13.03,0.9325533,-0.96739167
2012-03-03,60,53.14,13.03,-1.4392452,0.36005723
2012-03-04,60,53.14,13.03,-1.8701469,0.7393225
2012-03-05,60,53.14,13.03,-2.088563,0.9108067
2012-03-06,60,53.14,13.03,-1.5541267,0.3396938
2012-03-07,60,53.14,13.03,-0.99171126,1.480318
2012-03-08,60,53.14,13.03,0.93399197,-0.59970284
2012-03-09,60,53.14,13.03,1.4679838,0.6155384
2012-03-10,60,53.14,13.03,2.524271,0.5356581
2012-03-11,60,53.14,13.03,2.1219618,-1.5751426
2012-03-12,60,53.14,13.03,2.1671112,-1.2749867
2012-03-13,60,53.14,13.03,2.071583,-0.9088319
2012-03-14,60,53.14,13.03,1.720252,-0.9481853
2012-03-15,60,53.14,13.03,0.72100747,0.5593933
2012-03-16,60,53.14,13.03,0.7216347,1.1498603
2012-03-17,60,53.14,13.03,0.74287814,0.08240222
2012-03-18,60,53.14,13.03,0.70732975,0.8353649
2012-03-19,60,53.14,13.03,2.7516134,-0.41116253
2012-03-20,60,53.14,13.03,2.2425516,0.47505957
2012-03-21,60,53.14,13.03,1.8320112,-0.32184604
2012-03-22,60,53.14,13.03,0.86435425,-0.55267715
2012-03-23,60,53.14,13.03,0.29445845,-0.8778499
2012-03-24,60,53.14,13.03,0.42668584,-0.6334534
2012-03-25,60,53.14,13.03,0.84397155,-1.1513712
2012-03-26,60,53.14,13.03,0.4548632,-0.036749538
2012-03-27,60,53.14,13.03,1.5006952,-0.8135775
2012-03-28,60,53.14,13.03,2.398266,-0.51085234
2012-03-29,60,53.14,13.03,3.0808282,-1.4614927
2012-03-30,60,53.14,13.03,2.7101336,-1.1302999
2012-03-31,60,53.14,13.03,3.1010962,-2.17492
2012-04-01,60,53.14,13.03,2.5130804,-0.21703082
2012-04-02,60,53.14,13.03,2.6074927,-0.71503234
2012-04-03,60,53.14,13.03,-0.69851846,-0.1971227
2012-04-04,60,53.14,13.03,-1.290654,-1.423686
2012-04-05,60,53.14,13.03,-1.013115,-0.8235208
2012-04-06,60,53.14,13.03,0.72245526,0.13252628
2012-04-07,60,53.14,13.03,1.8330376,-0.8921723
2012-04-08,60,53.14,13.03,0.8268675,-0.8641299
2012-04-09,60,53.14,13.03,0.4963569,2.2206597
2012-04-10,60,53.14,13.03,-0.023799859,2.0225759
2012-04-11,60,53.14,13.03,0.49328807,0.2728732
2012-04-12,60,53.14,13.03,-0.27042866,0.0012965314
2012-04-13,60,53.14,13.03,0.83218795,0.2725482
2012-04-14,60,53.14,13.03,-0.31890887,-0.20103545
2012-04-15,60,53.14,13.03,-0.9222367,-1.2555015
2012-04-16,60,53.14,13.03,1.1030942,-1.872462
2012-04-17,60,53.14,13.03,1.3984514,0.62244916
2012-04-18,60,53.14,13.03,-0.82460743,1.8198365
2012-04-19,60,53.14,13.03,-1.1743591,0.783839
2012-04-20,60,53.14,13.03,-0.03522864,0.45569944
2012-04-21,60,53.14,13.03,0.5163488,1.4516598
2012-04-22,60,53.14,13.03,1.1240456,1.0109918
2012-04-23,60,53.14,13.03,0.45916596,1.2562183
2012-04-24,60,53.14,13.03,-0.82301193,0.61305434
2012-04-25,60,53.14,13.03,1.143647,0.7210214
2012-04-26,60,53.14,13.03,0.5745225,2.0382185
2012-04-27,60,53.14,13.03,1.0093627,0.8206551
2012-04-28,60,53.14,13.03,-0.8586947,-0.39407164
2012-04-29,60,53.14,13.03,-1.3453007,-0.49481437
2012-04-30,60,53.14,13.03,0.3863502,-1.5536059
2012-05-01,60,53.14,13.03,-1.5108938,-1.2565578
2012-05-02,60,53.14,13.03,-1.4048562,-1.3012934
2012-05-03,60,53.14,13.03,0.14799058,-0.27188453
2012-05-04,60,53.14,13.03,1.4907044,0.66641945
2012-05-05,60,53.14,13.03,0.555733,-1.0330509
2012-05-06,60,53.14,13.03,-0.18160334,-0.8665118
2012-05-07,60,53.14,13.03,-0.29460427,0.27435088
2012-05-08,60,53.14,13.03,-0.7296678,1.2771
2012-05-09,60,53.14,13.03,0.29788247,1.9592432
2012-05-10,60,53.14,13.03,0.7578117,1.7426614
2012-05-11,60,53.14,13.03,1.9929576,1.2385609
2012-05-12,60,53.14,13.03,2.9726448,-1.0415933
2012-05-13,60,53.14,13.03,1.7621253,-1.1218792
2012-05-14,60,53.14,13.03,0.26822296,1.6744769
2012-05-15,60,53.14,13.03,-0.4011074,1.8651323
2012-05-16,60,53.14,13.03,2.7130187,-0.497019
2012-05-17,60,53.14,13.03,2.9464815,-0.47907078
2012-05-18,60,53.14,13.03,-0.9036969,1.4195275
2012-05-19,60,53.14,13.03,-0.83929724,1.0407927
2012-05-20,60,53.14,13.03,-1.4679245,0.47172397
2012-05-21,60,53.14,13.03,-1.8846219,0.4016789
2012-05-22,60,53.14,13.03,-1.3804934,-0.49880913
2012-05-23,60,53.14,13.03,-1.3247739,-1.4636282
2012-05-24,60,53.14,13.03,-1.5982034,-1.6580176
2012-05-25,60,53.14,13.03,-1.141097,-1.3446752
2012-05-26,60,53.14,13.03,-0.96522444,-1.0162474
2012-05-27,60,53.14,13.03,-0.87462527,-0.79470766
2012-05-28,60,53.14,13.03,0.275724,-0.6861678
2012-05-29,60,53.14,13.03,1.9125409,-0.99696267
2012-05-30,60,53.14,13.03,1.585762,-0.61107486
2012-05-31,60,53.14,13.03,1.0960547,-0.012174966
2012-06-01,60,53.14,13.03,2.2263608,-1.2898121
2012-06-02,60,53.14,13.03,3.0611327,-0.8477905
2012-06-03,60,53.14,13.03,1.2117053,0.10874036
2012-06-04,60,53.14,13.03,1.3377646,0.18412828
2012-06-05,60,53.14,13.03,1.5095146,-1.0740327
2012-06-06,60,53.14,13.03,-0.27303636,1.1514148
2012-06-07,60,53.14,13.03,0.16894072,0.9603992
2012-06-08,60,53.14,13.03,0.94009197,0.9813156
2012-06-09,60,53.14,13.03,1.778779,1.0077177
2012-06-10,60,53.14,13.03,1.0889993,0.83989847
2012-06-11,60,53.14,13.03,-0.19100691,-0.4058838
2012-06-12,60,53.14,13.03,-0.46491575,-0.066737756
2012-06-13,60,53.14,13.03,0.96560115,-1.3962629
2012-06-14,60,53.14,13.03,1.076516,-0.6959019
2012-06-15,60,53.14,13.03,-0.4666641,1.4097695
2012-06-16,60,53.14,13.03,0.82468367,1.3903859
2012-06-17,60,53.14,13.03,1.5898829,1.1009976
2012-06-18,60,53.14,13.03,-0.14202356,0.92214775
2012-06-19,60,53.14,13.03,0.5288599,-0.37229186
2012-06-20,60,53.14,13.03,-1.6523523,-0.48787153
2012-06-21,60,53.14,13.03,-1.3587725,-1.1629024
2012-06-22,60,53.14,13.03,1.2772242,0.5002734
2012-06-23,60,53.14,13.03,1.6859031,0.8161508
2012-06-24,60,53.14,13.03,0.75739497,1.4713461
2012-06-25,60,53.14,13.03,3.6368957,0.5693907
2012-06-26,60,53.14,13.03,3.9852195,-0.82310843
2012-06-27,60,53.14,13.03,1.925718,-0.01617077
2012-06-28,60,53.14,13.03,0.5139334,0.01255738
2012-06-29,60,53.14,13.03,-0.5434817,1.3551375
2012-06-30,60,53.14,13.03,0.8364558,-0.010277566
2012-07-01,60,53.14,13.03,0.7052891,0.56221193
2012-07-02,60,53.14,13.03,0.40090087,-0.21866904
2012-07-03,60,53.14,13.03,-0.543643,-0.9634676
2012-07-04,60,53.14,13.03,-0.89750564,-0.83504766
2012-07-05,60,53.14,13.03,-1.5978289,-0.63809365
2012-07-06,60,53.14,13.03,-0.0015143901,0.34556827
2012-07-07,60,53.14,13.03,0.37919027,-0.61806583
2012-07-08,60,53.14,13.03,-0.052245587,1.1441691
2012-07-09,60,53.14,13.03,1.688107,1.33586
2012-07-10,60,53.14,13.03,1.476048,0.85950613
2012-07-11,60,53.14,13.03,1.106109,0.9616244
2012-07-12,60,53.14,13.03,1.9694687,1.1023077
2012-07-13,60,53.14,13.03,0.57500833,1.5604328
2012-07-14,60,53.14,13.03,1.4595895,1.3161572
2012-07-15,60,53.14,13.03,1.7391461,0.103104725
2012-07-16,60,53.14,13.03,2.1048832,0.5389447
2012-07-17,60,53.14,13.03,1.7975255,0.043751776
2012-07-18,60,53.14,13.03,1.7086098,0.70095754
2012-07-19,60,53.14,13.03,2.2909572,0.87092423
2012-07-20,60,53.14,13.03,2.9725935,0.28453955
2012-07-21,60,53.14,13.03,1.9785812,-0.46980515
2012-07-22,60,53.14,13.03,1.2724669,-1.175127
2012-07-23,60,53.14,13.03,0.41094846,0.98052335
2012-07-24,60,53.14,13.03,-1.0833994,0.628995
2012-07-25,60,53.14,13.03,-0.9852179,0.015827816
2012-07-26,60,53.14,13.03,-0.025378704,-1.1402482
2012-07-27,60,53.14,13.03,-0.84088737,-0.07125558
2012-07-28,60,53.14,13.03,0.3928514,0.7156483
2012-07-29,60,53.14,13.03,0.1364064,-0.81098026
2012-07-30,60,53.14,13.03,1.2390517,0.8457904
2012-07-31,60,53.14,13.03,0.6297947,0.64437133
2012-08-01,60,53.14,13.03,-0.4630908,0.77310866
2012-08-02,60,53.14,13.03,-0.45085585,1.1615684
2012-08-03,60,53.14,13.03,0.34408844,-0.3731937
2012-08-04,60,53.14,13.03,0.31687284,0.42644563
2012-08-05,60,53.14,13.03,-0.46461868,-0.023963537
2012-08-06,60,53.14,13.03,0.67396283,0.75399685
2012-08-07,60,53.14,13.03,2.2953982,0.9474723
2012-08-08,60,53.14,13.03,2.5119653,0.23268977
2012-08-09,60,53.14,13.03,1.6856053,-0.73685384
2012-08-10,60,53.14,13.03,1.509382,-1.0799527
2012-08-11,60,53.14,13.03,-0.63924855,-1.3651223
2012-08-12,60,53.14,13.03,-1.3152013,-0.36440542
2012-08-13,60,53.14,13.03,-1.342181,-0.24444757
2012-08-14,60,53.14,13.03,-0.8956584,-0.6752311
2012-08-15,60,53.14,13.03,-0.8062054,-0.52013624
2012-08-16,60,53.14,13.03,-0.35437542,0.086166345
2012-08-17,60,53.14,13.03,0.5041301,-0.09543981
2012-08-18,60,53.14,13.03,-0.3902583,1.216232
2012-08-19,60,53.14,13.03,0.04300343,1.4512483
2012-08-20,60,53.14,13.03,0.79178834,0.30822513
2012-08-21,60,53.14,13.03,0.6263504,-0.7299662
2012-08-22,60,53.14,13.03,1.5975592,0.08919179
2012-08-23,60,53.14,13.03,1.4934205,0.5862646
2012-08-24,60,53.14,13.03,-0.31842464,-0.07603719
2012-08-25,60,53.14,13.03,-0.045462266,1.020534
2012-08-26,60,53.14,13.03,1.6814252,1.3786385
2012-08-27,60,53.14,13.03,1.80498,-0.636857
2012-08-28,60,53.14,13.03,-0.4973274,1.3292825
2012-08-29,60,53.14,13.03,0.18248843,0.37194672
2012-08-30,60,53.14,13.03,0.07144244,0.7716247
2012-08-31,60,53.14,13.03,0.8206942,-0.8066776
2012-09-01,60,53.14,13.03,1.1911371,-0.7280355
2012-09-02,60,53.14,13.03,0.5635229,0.6671327
2012-09-03,60,53.14,13.03,0.8629199,-0.20382044
2012-09-04,60,53.14,13.03,1.0058323,0.16916645
2012-09-05,60,53.14,13.03,1.2660494,-0.6654632
2012-09-06,60,53.14,13.03,1.770391,-0.60405225
2012-09-07,60,53.14,13.03,2.5690932,0.32430056
2012-09-08,60,53.14,13.03,1.6305523,-0.13035116
2012-09-09,60,53.14,13.03,-0.25452292,0.7414756
2012-09-10,60,53.14,13.03,0.12292999,1.4897864
2012-09-11,60,53.14,13.03,1.0285373,0.85211277
2012-09-12,60,53.14,13.03,1.4259021,0.023216043
2012-09-13,60,53.14,13.03,1.1497813,-0.13704409
2012-09-14,60,53.14,13.03,1.8968,1.9201689
2012-09-15,60,53.14,13.03,2.379302,0.040930197
2012-09-16,60,53.14,13.03,0.90547144,1.402726
2012-09-17,60,53.14,13.03,1.0052356,0.848611
2012-09-18,60,53.14,13.03,0.85052854,0.9531932
2012-09-19,60,53.14,13.03,2.0605052,0.054637473
2012-09-20,60,53.14,13.03,1.4980047,0.82436675
2012-09-21,60,53.14,13.03,0.1616054,1.6470965
2012-09-22,60,53.14,13.03,1.3976736,0.2870961
2012-09-23,60,53.14,13.03,1.2781726,-0.035569638
2012-09-24,60,53.14,13.03,-2.0580258,0.5488749
2012-09-25,60,53.14,13.03,0.7175018,1.62368
2012-09-26,60,53.14,13.03,-0.090949714,1.001858
2012-09-27,60,53.14,13.03,1.1678278,1.0342033
2012-09-28,60,53.14,13.03,1.550922,1.2428944
2012-09-29,60,53.14,13.03,1.328912,1.225489
2012-09-30,60,53.14,13.03,1.6551839,1.0009633
2012-10-01,60,53.14,13.03,0.21592541,1.2695203
2012-10-02,60,53.14,13.03,0.62443453,1.2058864
2012-10-03,60,53.14,13.03,0.56288165,1.8039824
2012-10-04,60,53.14,13.03,1.1229701,1.2443718
2012-10-05,60,53.14,13.03,1.786601,1.4998779
2012-10-06,60,53.14,13.03,1.7096702,0.73620933
2012-10-07,60,53.14,13.03,2.584939,-0.050673053
2012-10-08,60,53.14,13.03,2.1781824,0.121840164
2012-10-09,60,53.14,13.03,2.2986984,-0.19778432
2012-10-10,60,53.14,13.03,1.8126712,0.1067726
2012-10-11,60,53.14,13.03,0.5581871,0.104217395
2012-10-12,60,53.14,13.03,-1.4676859,0.85936
2012-10-13,60,53.14,13.03,1.4155437,1.5380796
2012-10-14,60,53.14,13.03,0.099032536,1.5425173
2012-10-15,60,53.14,13.03,0.44377095,0.94937176
2012-10-16,60,53.14,13.03,0.2976498,1.8505473
2012-10-17,60,53.14,13.03,0.39182788,1.9320034
2012-10-18,60,53.14,13.03,-0.23039678,2.0078688
2012-10-19,60,53.14,13.03,-0.17846452,1.5951685
2012-10-20,60,53.14,13.03,0.38411602,0.8230641
2012-10-21,60,53.14,13.03,-0.7045497,-0.7806579
2012-10-22,60,53.14,13.03,-1.2836663,-0.18197438
2012-10-23,60,53.14,13.03,-0.9873125,-0.10326956
2012-10-24,60,53.14,13.03,-0.083092436,-0.29313713
2012-10-25,60,53.14,13.03,2.3039908,-0.54805565
2012-10-26,60,53.14,13.03,0.9578087,-0.55004185
2012-10-27,60,53.14,13.03,-0.47996727,-1.0894527
2012-10-28,60,53.14,13.03,0.6612138,-0.7455761
2012-10-29,60,53.14,13.03,0.22464298,1.6670322
2012-10-30,60,53.14,13.03,0.95695555,1.2764828
2012-10-31,60,53.14,13.03,-0.20897555,1.6001741
2012-11-01,60,53.14,13.03,-1.3237228,1.8559021
2012-11-02,60,53.14,13.03,0.82832277,1.9605784
2012-11-03,60,53.14,13.03,0.9149537,1.6809962
2012-11-04,60,53.14,13.03,0.26873165,1.2237014
2012-11-05,60,53.14,13.03,1.7857695,1.1255457
2012-11-06,60,53.14,13.03,2.5141606,0.030496389
2012-11-07,60,53.14,13.03,3.1433477,0.15330105
2012-11-08,60,53.14,13.03,2.6643667,1.2548373
2012-11-09,60,53.14,13.03,1.461222,0.7863359
2012-11-10,60,53.14,13.03,-0.6643036,1.7664434
2012-11-11,60,53.14,13.03,1.0064713,0.8199641
2012-11-12,60,53.14,13.03,1.7685027,0.91271234
2012-11-13,60,53.14,13.03,0.48814186,1.0949792
2012-11-14,60,53.14,13.03,-0.3452547,1.225049
2012-11-15,60,53.14,13.03,0.041327827,0.69796413
2012-11-16,60,53.14,13.03,-0.32372963,0.96119416
2012-11-17,60,53.14,13.03,-0.46117902,1.2541724
2012-11-18,60,53.14,13.03,0.61904836,0.8436747
2012-11-19,60,53.14,13.03,-0.53958315,0.35885355
2012-11-20,60,53.14,13.03,-0.45045418,1.3068162
2012-11-21,60,53.14,13.03,-0.90880483,1.4879539
2012-11-22,60,53.14,13.03,1.0855821,1.321818
2012-11-23,60,53.14,13.03,-0.2447483,1.8318949
2012-11-24,60,53.14,13.03,-0.14743774,0.20999885
2012-11-25,60,53.14,13.03,-0.263377,1.4158844
2012-11-26,60,53.14,13.03,0.3929615,1.6774907
2012-11-27,60,53.14,13.03,0.89751846,1.0374699
2012-11-28,60,53.14,13.03,0.09878009,-0.3026628
2012-11-29,60,53.14,13.03,0.12781225,-2.2052236
2012-11-30,60,53.14,13.03,1.3384956,-0.9052032
2012-12-01,60,53.14,13.03,1.194613,1.2541294
2012-12-02,60,53.14,13.03,0.24467342,1.2187338
2012-12-03,60,53.14,13.03,0.8252301,0.71257126
2012-12-04,60,53.14,13.03,1.3827837,1.8815725
2012-12-05,60,53.14,13.03,1.9511666,-0.4439413
2012-12-06,60,53.14,13.03,0.9718221,0.12165813
2012-12-07,60,53.14,13.03,-0.029324157,1.0371922
2012-12-08,60,53.14,13.03,0.9588116,0.31155485
2012-12-09,60,53.14,13.03,0.7280197,1.6913201
2012-12-10,60,53.14,13.03,-0.6869482,-0.27275094
2012-12-11,60,53.14,13.03,1.2284404,-1.6531606
2012-12-12,60,53.14,13.03,0.8861898,0.37430772
2012-12-13,60,53.14,13.03,-0.95845014,1.1394001
2012-12-14,60,53.14,13.03,-1.5822988,1.0868623
2012-12-15,60,53.14,13.03,-0.24945687,1.7982848
2012-12-16,60,53.14,13.03,0.07434437,1.2735859
2012-12-17,60,53.14,13.03,-0.27952325,1.1222414
2012-12-18,60,53.14,13.03,-0.7012285,0.10964995
2012-12-19,60,53.14,13.03,-0.724357,-0.40055504
2012-12-20,60,53.14,13.03,-1.5109277,0.068296045
2012-12-21,60,53.14,13.03,-2.0787632,0.42143273
2012-12-22,60,53.14,13.03,-1.7196109,0.7531998
2012-12-23,60,53.14,13.03,-1.7093059,1.2708927
2012-12-24,60,53.14,13.03,0.84752506,1.2899969
2012-12-25,60,53.14,13.03,1.5849224,1.5410324
2012-12-26,60,53.14,13.03,2.0191875,1.7464981
2012-12-27,60,53.14,13.03,2.0742464,1.4258385
2012-12-28,60,53.14,13.03,0.6783173,0.14868554
2012-12-29,60,53.14,13.03,0.3173105,2.2891033
2012-12-30,60,53.14,13.03,1.4768713,2.1516414
2012-12-31,60,53.14,13.03,2.0315816,2.3243737
2013-01-01,60,53.14,13.03,1.6147819,1.9963074
2013-01-02,60,53.14,13.03,2.2475634,0.7362225
2013-01-03,60,53.14,13.03,3.0688214,0.49951655
2013-01-04,60,53.14,13.03,2.881773,-0.6735516
2013-01-05,60,53.14,13.03,1.0072937,-1.2383856
2013-01-06,60,53.14,13.03,1.387611,-0.65652335
2013-01-07,60,53.14,13.03,-0.48734176,0.32377806
2013-01-08,60,53.14,13.03,0.90670395,0.37956136
2013-01-09,60,53.14,13.03,1.0008783,0.95854455
2013-01-10,60,53.14,13.03,1.77352,-1.207392
2013-01-11,60,53.14,13.03,1.0909779,-1.2886615
2013-01-12,60,53.14,13.03,0.6092683,-1.2735188
2013-01-13,60,53.14,13.03,-1.1046096,-0.5764159
2013-01-14,60,53.14,13.03,-1.4826533,0.90643775
2013-01-15,60,53.14,13.03,-0.47208482,0.563878
2013-01-16,60,53.14,13.03,-0.78994215,-0.9210768
2013-01-17,60,53.14,13.03,-0.92683566,-1.4018205
2013-01-18,60,53.14,13.03,-1.5752823,-0.5379868
2013-01-19,60,53.14,13.03,-2.085279,-0.16120389
2013-01-20,60,53.14,13.03,-1.4307339,-0.4035415
2013-01-21,60,53.14,13.03,-2.3155856,-0.660954
2013-01-22,60,53.14,13.03,-1.5523767,-0.4165324
2013-01-23,60,53.14,13.03,-0.5320325,-0.276859
2013-01-24,60,53.14,13.03,-0.62304413,-0.5619213
2013-01-25,60,53.14,13.03,-0.3912314,0.1516189
2013-01-26,60,53.14,13.03,-0.6195678,1.7540959
2013-01-27,60,53.14,13.03,0.39794797,1.8649569
2013-01-28,60,53.14,13.03,1.8309159,1.1341789
2013-01-29,60,53.14,13.03,1.536238,1.7651098
2013-01-30,60,53.14,13.03,2.6160069,1.4076262
2013-01-31,60,53.14,13.03,4.4269824,0.9732381
2013-02-01,60,53.14,13.03,2.4825852,0.71680814
2013-02-02,60,53.14,13.03,0.7743959,-1.4256796
2013-02-03,60,53.14,13.03,2.0048041,0.2680238
2013-02-04,60,53.14,13.03,2.1936052,0.9755495
2013-02-05,60,53.14,13.03,2.3173041,1.5590295
2013-02-06,60,53.14,13.03,1.7172245,1.1515167
2013-02-07,60,53.14,13.03,1.2533294,-0.06526926
2013-02-08,60,53.14,13.03,0.8560302,-0.6032667
2013-02-09,60,53.14,13.03,0.8483045,-0.5725157
2013-02-10,60,53.14,13.03,0.0092958305,0.6276759
2013-02-11,60,53.14,13.03,-1.7838969,0.0022643246
2013-02-12,60,53.14,13.03,-0.8886324,-0.69605327
2013-02-13,60,53.14,13.03,0.11085074,-1.1680499
2013-02-14,60,53.14,13.03,-0.37588733,0.48773897
2013-02-15,60,53.14,13.03,-0.9526216,0.6650452
2013-02-16,60,53.14,13.03,-0.6437118,0.089184076
2013-02-17,60,53.14,13.03,-0.6267807,-0.084414065
2013-02-18,60,53.14,13.03,0.92413557,0.40805078
2013-02-19,60,53.14,13.03,0.82250893,-1.6192468
2013-02-20,60,53.14,13.03,-0.6414068,-2.7140331
2013-02-21,60,53.14,13.03,-0.8755318,-1.5360185
2013-02-22,60,53.14,13.03,-1.547637,-0.76018167
2013-02-23,60,53.14,13.03,-1.8483353,-1.6895573
2013-02-24,60,53.14,13.03,-1.5472846,-1.2096233
2013-02-25,60,53.14,13.03,-1.5140696,-0.9347329
2013-02-26,60,53.14,13.03,-0.8101562,-1.1030403
2013-02-27,60,53.14,13.03,-0.056968424,-0.812586
2013-02-28,60,53.14,13.03,1.5068104,0.24136858
2013-03-01,60,53.14,13.03,1.7028786,-0.82723176
2013-03-02,60,53.14,13.03,1.7237395,-0.15986863
2013-03-03,60,53.14,13.03,2.0493875,-0.7082025
2013-03-04,60,53.14,13.03,0.34065446,0.76768297
2013-03-05,60,53.14,13.03,-0.6318515,1.5141971
2013-03-06,60,53.14,13.03,-0.6694158,0.35340568
2013-03-07,60,53.14,13.03,-2.2604496,-0.8700975
2013-03-08,60,53.14,13.03,-2.5600939,-0.108440116
2013-03-09,60,53.14,13.03,-2.169156,-0.10735731
2013-03-10,60,53.14,13.03,-2.274609,-1.0960089
2013-03-11,60,53.14,13.03,-1.2351906,-1.5303878
2013-03-12,60,53.14,13.03,-0.7775038,-1.1564262
2013-03-13,60,53.14,13.03,-0.13951027,-0.27567488
2013-03-14,60,53.14,13.03,0.43166834,0.21180186
2013-03-15,60,53.14,13.03,0.4943554,-0.81511426
2013-03-16,60,53.14,13.03,-0.78908217,1.4244225
2013-03-17,60,53.14,13.03,-2.4203653,1.5063287
2013-03-18,60,53.14,13.03,-2.6433024,0.59439266
2013-03-19,60,53.14,13.03,-0.2182275,-1.2646829
2013-03-20,60,53.14,13.03,0.07911885,-0.6032424
2013-03-21,60,53.14,13.03,-0.2853706,-1.2199985
2013-03-22,60,53.14,13.03,-1.2572646,-1.2640512
2013-03-23,60,53.14,13.03,-2.1690042,-0.5815116
2013-03-24,60,53.14,13.03,-1.8261709,-0.27461588
2013-03-25,60,53.14,13.03,-2.341754,-0.56255996
2013-03-26,60,53.14,13.03,-1.7935227,-0.7962961
2013-03-27,60,53.14,13.03,-1.9789648,-0.4037407
2013-03-28,60,53.14,13.03,-1.841353,0.20455182
2013-03-29,60,53.14,13.03,-0.6198299,-0.8461089
2013-03-30,60,53.14,13.03,0.6631634,-0.78897077
2013-03-31,60,53.14,13.03,-0.47218144,-1.4957435
2013-04-01,60,53.14,13.03,0.14879306,-1.3502492
2013-04-02,60,53.14,13.03,-1.1297457,-0.5972018
2013-04-03,60,53.14,13.03,-1.5417341,-0.82999754
2013-04-04,60,53.14,13.03,-1.1019312,-1.1631528
2013-04-05,60,53.14,13.03,-0.9105951,-1.4236903
2013-04-06,60,53.14,13.03,-0.48840773,-1.3815974
2013-04-07,60,53.14,13.03,1.3617988,-0.18721503
2013-04-08,60,53.14,13.03,-0.3558853,-0.30478957
2013-04-09,60,53.14,13.03,-2.4019194,0.6518875
2013-04-10,60,53.14,13.03,-1.9093881,0.79372245
2013-04-11,60,53.14,13.03,-0.7981957,1.5498239
2013-04-12,60,53.14,13.03,1.2948965,0.5690105
2013-04-13,60,53.14,13.03,1.8171861,0.5513618
2013-04-14,60,53.14,13.03,-0.22109865,1.2303987
2013-04-15,60,53.14,13.03,-0.925853,1.8778522
2013-04-16,60,53.14,13.03,0.31568998,0.3819196
2013-04-17,60,53.14,13.03,0.98184055,0.61858344
2013-04-18,60,53.14,13.03,1.2357166,1.2857916
2013-04-19,60,53.14,13.03,1.7655903,0.40136948
2013-04-20,60,53.14,13.03,0.34153384,-1.272797
2013-04-21,60,53.14,13.03,-1.5481015,-0.092274144
2013-04-22,60,53.14,13.03,0.31096682,0.15715478
2013-04-23,60,53.14,13.03,1.9305323,0.838705
2013-04-24,60,53.14,13.03,1.4125036,0.6138532
2013-04-25,60,53.14,13.03,0.9558809,-0.13861641
2013-04-26,60,53.14,13.03,0.21914469,0.07899368
2013-04-27,60,53.14,13.03,0.24757649,-1.7803043
2013-04-28,60,53.14,13.03,0.6305819,-0.41313714
2013-04-29,60,53.14,13.03,1.387491,1.1755191
2013-04-30,60,53.14,13.03,1.1174644,-0.080260314
2013-05-01,60,53.14,13.03,-0.8204247,-0.556941
2013-05-02,60,53.14,13.03,-1.245129,-1.1311209
2013-05-03,60,53.14,13.03,-0.71675926,-1.1644248
2013-05-04,60,53.14,13.03,0.15495542,0.3971042
2013-05-05,60,53.14,13.03,0.69312274,-0.29557505
2013-05-06,60,53.14,13.03,-1.2017858,0.3278128
2013-05-07,60,53.14,13.03,-1.6290573,-0.55831647
2013-05-08,60,53.14,13.03,-0.35607746,1.384737
2013-05-09,60,53.14,13.03,0.4928575,0.92654705
2013-05-10,60,53.14,13.03,0.7346508,0.09102541
2013-05-11,60,53.14,13.03,0.72804457,0.86005443
2013-05-12,60,53.14,13.03,1.0678977,0.6593107
2013-05-13,60,53.14,13.03,1.2372503,1.5673478
2013-05-14,60,53.14,13.03,1.2485288,1.114817
2013-05-15,60,53.14,13.03,-1.816972,1.3074845
2013-05-16,60,53.14,13.03,-1.6254518,0.8584105
2013-05-17,60,53.14,13.03,-2.084055,0.99230075
2013-05-18,60,53.14,13.03,-0.07867074,0.8124483
2013-05-19,60,53.14,13.03,0.7197916,0.06770648
2013-05-20,60,53.14,13.03,0.33221632,0.6759951
2013-05-21,60,53.14,13.03,1.3749459,1.1194044
2013-05-22,60,53.14,13.03,1.9316989,0.90829104
2013-05-23,60,53.14,13.03,1.2539437,0.20912987
2013-05-24,60,53.14,13.03,-0.20530458,-0.41589376
2013-05-25,60,53.14,13.03,1.5799198,-1.354897
2013-05-26,60,53.14,13.03,0.13375026,-0.8133686
2013-05-27,60,53.14,13.03,-0.965196,-0.24155682
2013-05-28,60,53.14,13.03,0.61293656,-1.7737865
2013-05-29,60,53.14,13.03,-0.61641794,0.82824326
2013-05-30,60,53.14,13.03,-0.26309845,-1.087469
2013-05-31,60,53.14,13.03,-1.2129704,-2.4836233
2013-06-01,60,53.14,13.03,0.29015428,-2.549309
2013-06-02,60,53.14,13.03,1.4397206,-2.6662395
2013-06-03,60,53.14,13.03,1.3120633,-2.4485543
2013-06-04,60,53.14,13.03,0.011334792,-1.7780781
2013-06-05,60,53.14,13.03,-0.68294126,-0.58011407
2013-06-06,60,53.14,13.03,-0.8013452,-0.6981715
2013-06-07,60,53.14,13.03,-0.31906804,-0.9221276
2013-06-08,60,53.14,13.03,-0.033897463,-1.0020308
2013-06-09,60,53.14,13.03,-0.19887862,-1.2024802
2013-06-10,60,53.14,13.03,0.13487068,-1.4670222
2013-06-11,60,53.14,13.03,0.34622324,-0.69713974
2013-06-12,60,53.14,13.03,0.042049192,0.56202215
2013-06-13,60,53.14,13.03,0.7571876,1.5851679
2013-06-14,60,53.14,13.03,2.5080955,0.25334308
2013-06-15,60,53.14,13.03,0.19597474,1.2217472
2013-06-16,60,53.14,13.03,1.6789763,1.0226481
2013-06-17,60,53.14,13.03,-0.06014072,-0.25843355
2013-06-18,60,53.14,13.03,-1.169528,-0.9709801
2013-06-19,60,53.14,13.03,-1.4435023,0.40322155
2013-06-20,60,53.14,13.03,-0.5482541,-0.51112026
2013-06-21,60,53.14,13.03,1.4401698,1.9854975
2013-06-22,60,53.14,13.03,1.2869018,1.3059764
2013-06-23,60,53.14,13.03,0.8368149,1.1487482
2013-06-24,60,53.14,13.03,1.1086993,0.39902064
2013-06-25,60,53.14,13.03,1.4053986,-1.5915929
2013-06-26,60,53.14,13.03,2.7432241,-1.120005
2013-06-27,60,53.14,13.03,1.581994,1.0152032
2013-06-28,60,53.14,13.03,0.56937397,1.0068036
2013-06-29,60,53.14,13.03,1.1960142,0.9009969
2013-06-30,60,53.14,13.03,2.2186267,-0.03224846
2013-07-01,60,53.14,13.03,1.6466541,0.5925257
2013-07-02,60,53.14,13.03,0.57938236,-0.014834031
2013-07-03,60,53.14,13.03,-0.8614919,1.3524458
2013-07-04,60,53.14,13.03,1.0982319,0.062036574
2013-07-05,60,53.14,13.03,0.803735,-0.4706286
2013-07-06,60,53.14,13.03,0.29796776,-1.1561174
2013-07-07,60,53.14,13.03,-0.21079905,-0.98608065
2013-07-08,60,53.14,13.03,0.060260016,-0.89818555
2013-07-09,60,53.14,13.03,0.15539719,-0.7814238
2013-07-10,60,53.14,13.03,1.5247314,-1.2891079
2013-07-11,60,53.14,13.03,1.0046582,-2.01636
2013-07-12,60,53.14,13.03,0.7120276,-1.4366405
2013-07-13,60,53.14,13.03,1.2327063,-1.2827668
2013-07-14,60,53.14,13.03,2.017167,-0.93515986
2013-07-15,60,53.14,13.03,1.7277784,-1.3727013
2013-07-16,60,53.14,13.03,1.2206353,-0.7790991
2013-07-17,60,53.14,13.03,0.69534826,-0.9715662
2013-07-18,60,53.14,13.03,0.7296869,-1.064707
2013-07-19,60,53.14,13.03,1.8039995,-1.2519196
2013-07-20,60,53.14,13.03,-0.113722,-1.3658637
2013-07-21,60,53.14,13.03,0.26128027,-0.37783468
2013-07-22,60,53.14,13.03,-0.041416205,-0.6783979
2013-07-23,60,53.14,13.03,-1.5147492,-0.37009472
2013-07-24,60,53.14,13.03,-1.1131508,0.15019368
2013-07-25,60,53.14,13.03,0.07066712,0.13445267
2013-07-26,60,53.14,13.03,-0.098497406,0.09133882
2013-07-27,60,53.14,13.03,-0.21843494,0.14959176
2013-07-28,60,53.14,13.03,0.3577333,0.64466685
2013-07-29,60,53.14,13.03,-0.2923109,-0.9102822
2013-07-30,60,53.14,13.03,2.0243404,-0.1543745
2013-07-31,60,53.14,13.03,1.5326452,0.7113844
2013-08-01,60,53.14,13.03,0.56844103,0.49733996
2013-08-02,60,53.14,13.03,-0.72704494,1.0439945
2013-08-03,60,53.14,13.03,0.067839965,0.21527451
2013-08-04,60,53.14,13.03,-0.33452365,-1.0198982
2013-08-05,60,53.14,13.03,-1.0290787,0.21459688
2013-08-06,60,53.14,13.03,0.025642827,0.5094426
2013-08-07,60,53.14,13.03,-0.5327985,-0.5738019
2013-08-08,60,53.14,13.03,0.98752725,0.17329699
2013-08-09,60,53.14,13.03,1.1563951,-0.3121672
2013-08-10,60,53.14,13.03,0.94869655,0.3642536
2013-08-11,60,53.14,13.03,2.0090723,0.4117015
2013-08-12,60,53.14,13.03,1.2686512,1.01377
2013-08-13,60,53.14,13.03,2.0986428,0.40723437
2013-08-14,60,53.14,13.03,2.9576974,0.101556
2013-08-15,60,53.14,13.03,0.7237811,0.61837476
2013-08-16,60,53.14,13.03,0.19688687,1.393691
2013-08-17,60,53.14,13.03,0.22448225,0.8576356
2013-08-18,60,53.14,13.03,0.9293108,1.4408991
2013-08-19,60,53.14,13.03,-0.044171344,-0.26886213
2013-08-20,60,53.14,13.03,1.0310909,-1.2364097
2013-08-21,60,53.14,13.03,0.6636,-0.030892495
2013-08-22,60,53.14,13.03,-0.35585016,0.2663094
2013-08-23,60,53.14,13.03,-1.437653,-0.2871947
2013-08-24,60,53.14,13.03,-1.7250848,-0.1284543
2013-08-25,60,53.14,13.03,-2.0642836,-0.44547182
2013-08-26,60,53.14,13.03,-1.8574136,-0.68150306
2013-08-27,60,53.14,13.03,-1.577627,-0.21026993
2013-08-28,60,53.14,13.03,-0.36313573,-1.0050993
2013-08-29,60,53.14,13.03,0.62379944,-0.2797172
2013-08-30,60,53.14,13.03,0.8849915,0.37201217
2013-08-31,60,53.14,13.03,1.7346548,0.04754875
2013-09-01,60,53.14,13.03,2.2715688,-0.3600319
2013-09-02,60,53.14,13.03,3.459219,0.3804774
2013-09-03,60,53.14,13.03,1.5488654,-1.0268832
2013-09-04,60,53.14,13.03,0.4945906,-0.6027287
2013-09-05,60,53.14,13.03,-1.1522253,0.43157613
2013-09-06,60,53.14,13.03,-1.7768233,1.2703598
2013-09-07,60,53.14,13.03,-1.8353276,0.92313737
2013-09-08,60,53.14,13.03,-1.4877074,0.90294755
2013-09-09,60,53.14,13.03,1.410383,-0.35873225
2013-09-10,60,53.14,13.03,-0.13308322,1.4816025
2013-09-11,60,53.14,13.03,-0.49848583,1.1348403
2013-09-12,60,53.14,13.03,-0.5756116,-0.18664324
2013-09-13,60,53.14,13.03,0.7594991,-0.52804494
2013-09-14,60,53.14,13.03,0.46299356,0.21503751
2013-09-15,60,53.14,13.03,1.2943274,0.6036835
2013-09-16,60,53.14,13.03,0.8907894,1.5693934
2013-09-17,60,53.14,13.03,1.4049934,0.7531641
2013-09-18,60,53.14,13.03,0.280685,0.32486764
2013-09-19,60,53.14,13.03,1.4537762,0.11503474
2013-09-20,60,53.14,13.03,0.41688702,0.5963478
2013-09-21,60,53.14,13.03,1.039428,-0.42924497
2013-09-22,60,53.14,13.03,2.228149,0.44768625
2013-09-23,60,53.14,13.03,2.7884645,-1.4067402
2013-09-24,60,53.14,13.03,1.1629051,-1.0948656
2013-09-25,60,53.14,13.03,-0.83524597,0.20933443
2013-09-26,60,53.14,13.03,-0.7713168,-0.6385853
2013-09-27,60,53.14,13.03,1.3214494,-0.36384133
2013-09-28,60,53.14,13.03,0.15659927,-0.45816678
2013-09-29,60,53.14,13.03,-1.8535876,-0.05835073
2013-09-30,60,53.14,13.03,-2.203124,-0.044356897
2013-10-01,60,53.14,13.03,-1.6333516,-0.27823544
2013-10-02,60,53.14,13.03,-1.5197258,0.19708633
2013-10-03,60,53.14,13.03,-1.9124951,1.2833071
2013-10-04,60,53.14,13.03,-1.5732356,2.0767133
2013-10-05,60,53.14,13.03,-0.3673952,1.1155671
2013-10-06,60,53.14,13.03,0.7303223,-0.33848393
2013-10-07,60,53.14,13.03,0.64813995,0.5283923
2013-10-08,60,53.14,13.03,0.21495998,0.8601076
2013-10-09,60,53.14,13.03,1.0740573,1.3898603
2013-10-10,60,53.14,13.03,0.5255571,-0.006757453
2013-10-11,60,53.14,13.03,-2.3991063,-0.98609436
2013-10-12,60,53.14,13.03,-2.6185021,-0.34214804
2013-10-13,60,53.14,13.03,0.5302314,0.9300817
2013-10-14,60,53.14,13.03,-0.923435,1.066476
2013-10-15,60,53.14,13.03,-0.27065542,1.3870823
2013-10-16,60,53.14,13.03,0.8552942,0.023224466
2013-10-17,60,53.14,13.03,1.795583,1.7707762
2013-10-18,60,53.14,13.03,1.7635108,-1.2139243
2013-10-19,60,53.14,13.03,-1.0784249,1.2064648
2013-10-20,60,53.14,13.03,1.1590245,1.2666674
2013-10-21,60,53.14,13.03,1.1957812,1.1503717
2013-10-22,60,53.14,13.03,-0.52777404,1.8798757
2013-10-23,60,53.14,13.03,0.47055376,2.3823364
2013-10-24,60,53.14,13.03,1.7484109,0.8463293
2013-10-25,60,53.14,13.03,-0.36884865,1.0576302
2013-10-26,60,53.14,13.03,1.3163921,1.5633576
2013-10-27,60,53.14,13.03,1.752029,2.0552502
2013-10-28,60,53.14,13.03,2.4153664,2.7207434
2013-10-29,60,53.14,13.03,2.2537112,1.7843766
2013-10-30,60,53.14,13.03,2.098556,1.1628447
2013-10-31,60,53.14,13.03,0.61233634,1.6629069
2013-11-01,60,53.14,13.03,1.2808261,1.739427
2013-11-02,60,53.14,13.03,0.5245358,1.2301972
2013-11-03,60,53.14,13.03,1.4514136,1.4291643
2013-11-04,60,53.14,13.03,1.0920317,2.7240632
2013-11-05,60,53.14,13.03,1.9751018,0.935982
2013-11-06,60,53.14,13.03,1.4876416,0.78707635
2013-11-07,60,53.14,13.03,1.2288692,0.79699445
2013-11-08,60,53.14,13.03,0.19086364,0.74109733
2013-11-09,60,53.14,13.03,1.4521579,1.8489649
2013-11-10,60,53.14,13.03,1.50349,0.89292324
2013-11-11,60,53.14,13.03,1.1279342,-0.11417401
2013-11-12,60,53.14,13.03,0.48023805,1.7358947
2013-11-13,60,53.14,13.03,1.6954334,-0.16515331
2013-11-14,60,53.14,13.03,0.30236357,1.093689
2013-11-15,60,53.14,13.03,-0.16258043,0.32112494
2013-11-16,60,53.14,13.03,1.8070612,0.8225848
2013-11-17,60,53.14,13.03,0.89645404,0.39448413
2013-11-18,60,53.14,13.03,-0.4010142,1.20905
2013-11-19,60,53.14,13.03,0.53242815,0.901212
2013-11-20,60,53.14,13.03,0.2857152,-1.4522402
2013-11-21,60,53.14,13.03,0.015014216,-0.37286744
2013-11-22,60,53.14,13.03,-1.1180365,-1.3200129
2013-11-23,60,53.14,13.03,-0.46925038,-1.2263777
2013-11-24,60,53.14,13.03,1.1018153,-1.3328844
2013-11-25,60,53.14,13.03,1.0654459,-1.549267
2013-11-26,60,53.14,13.03,0.4866371,-1.2906086
2013-11-27,60,53.14,13.03,1.7769893,1.0886576
2013-11-28,60,53.14,13.03,2.6893694,-0.8727225
2013-11-29,60,53.14,13.03,1.8550004,0.69031876
2013-11-30,60,53.14,13.03,1.4170969,-0.35594708
2013-12-01,60,53.14,13.03,2.512696,-0.051319957
2013-12-02,60,53.14,13.03,0.39813828,1.79559e-05
2013-12-03,60,53.14,13.03,0.821775,0.9448937
2013-12-04,60,53.14,13.03,1.8537786,0.57831305
2013-12-05,60,53.14,13.03,3.041544,1.7339768
2013-12-06,60,53.14,13.03,4.9874916,-0.49208188
2013-12-07,60,53.14,13.03,3.1732616,-1.1021951
2013-12-08,60,53.14,13.03,1.6011211,1.0910761
2013-12-09,60,53.14,13.03,2.1886709,-0.1411689
2013-12-10,60,53.14,13.03,0.79547566,0.3612182
2013-12-11,60,53.14,13.03,1.1837658,0.44512504
2013-12-12,60,53.14,13.03,0.8525496,1.2142533
2013-12-13,60,53.14,13.03,1.1023699,0.78647643
2013-12-14,60,53.14,13.03,1.0726938,1.0148032
2013-12-15,60,53.14,13.03,1.6456287,1.3802078
2013-12-16,60,53.14,13.03,0.8024124,1.8965342
2013-12-17,60,53.14,13.03,1.027057,0.9243382
2013-12-18,60,53.14,13.03,-0.1884138,1.2098774
2013-12-19,60,53.14,13.03,0.25345838,2.0853236
2013-12-20,60,53.14,13.03,1.5001005,1.2650833
2013-12-21,60,53.14,13.03,1.6502962,2.2142177
2013-12-22,60,53.14,13.03,1.8416911,2.3646457
2013-12-23,60,53.14,13.03,1.8062683,1.6918085
2013-12-24,60,53.14,13.03,0.7126362,3.6464713
2013-12-25,60,53.14,13.03,0.114739716,2.178081
2013-12-26,60,53.14,13.03,-0.69591326,-0.39946848
2013-12-27,60,53.14,13.03,0.9744295,2.1379771
2013-12-28,60,53.14,13.03,0.7842041,2.171607
2013-12-29,60,53.14,13.03,1.4620793,0.89051306
2013-12-30,60,53.14,13.03,1.166712,1.5185692
2013-12-31,60,53.14,13.03,-0.22169553,1.7762735
2014-01-01,60,53.14,13.03,-0.23412311,1.5619766
2014-01-02,60,53.14,13.03,-0.5643324,2.0567727
2014-01-03,60,53.14,13.03,0.5267124,1.7742287
2014-01-04,60,53.14,13.03,0.4350311,1.5714636
2014-01-05,60,53.14,13.03,0.7656052,0.9687453
2014-01-06,60,53.14,13.03,0.49679005,2.1880543
2014-01-07,60,53.14,13.03,1.3062977,2.0711026
2014-01-08,60,53.14,13.03,2.0374424,1.266996
2014-01-09,60,53.14,13.03,1.4286869,2.102291
2014-01-10,60,53.14,13.03,3.9658358,0.54482514
2014-01-11,60,53.14,13.03,2.713045,1.2038138
2014-01-12,60,53.14,13.03,3.3675268,-0.25445554
2014-01-13,60,53.14,13.03,-0.15390134,0.9024869
2014-01-14,60,53.14,13.03,-0.5509036,0.45062387
2014-01-15,60,53.14,13.03,-0.6430738,0.07811639
2014-01-16,60,53.14,13.03,-1.607547,1.2245705
2014-01-17,60,53.14,13.03,-0.07042916,1.2920749
2014-01-18,60,53.14,13.03,-0.9671916,1.072121
2014-01-19,60,53.14,13.03,-2.5798306,-0.16422845
2014-01-20,60,53.14,13.03,-2.010313,-0.4669415
2014-01-21,60,53.14,13.03,-1.1988583,-0.3286921
2014-01-22,60,53.14,13.03,-1.6356266,0.037547946
2014-01-23,60,53.14,13.03,-1.7483308,0.44733894
2014-01-24,60,53.14,13.03,-2.0832996,-0.20030907
2014-01-25,60,53.14,13.03,-1.6781983,0.45816347
2014-01-26,60,53.14,13.03,-1.8398447,0.6779694
2014-01-27,60,53.14,13.03,-1.4648484,1.3865123
2014-01-28,60,53.14,13.03,-1.5122396,0.56595683
2014-01-29,60,53.14,13.03,-2.2335203,0.3166969
2014-01-30,60,53.14,13.03,-1.9377196,0.64099
2014-01-31,60,53.14,13.03,-1.1415001,0.6830348
2014-02-01,60,53.14,13.03,-0.49394536,1.7964128
2014-02-02,60,53.14,13.03,0.28543577,1.1697946
2014-02-03,60,53.14,13.03,-0.9515124,0.6928301
2014-02-04,60,53.14,13.03,-0.5242066,1.3615625
2014-02-05,60,53.14,13.03,-0.7492429,1.4833184
2014-02-06,60,53.14,13.03,0.6745684,1.649682
2014-02-07,60,53.14,13.03,0.2850354,2.563809
2014-02-08,60,53.14,13.03,0.6466659,2.1707954
2014-02-09,60,53.14,13.03,1.0101465,2.3350215
2014-02-10,60,53.14,13.03,-0.26671955,1.304639
2014-02-11,60,53.14,13.03,0.62110734,1.2407013
2014-02-12,60,53.14,13.03,0.9781841,1.4891175
2014-02-13,60,53.14,13.03,0.18007365,2.1720185
2014-02-14,60,53.14,13.03,1.325854,0.4886346
2014-02-15,60,53.14,13.03,-0.029159233,2.6901255
2014-02-16,60,53.14,13.03,2.69687,1.8808092
2014-02-17,60,53.14,13.03,1.7283413,0.8385496
2014-02-18,60,53.14,13.03,0.35334563,1.3043208
2014-02-19,60,53.14,13.03,1.3433349,0.84831226
2014-02-20,60,53.14,13.03,0.8896443,1.2439911
2014-02-21,60,53.14,13.03,0.73896563,1.6030504
2014-02-22,60,53.14,13.03,1.383477,1.4812169
2014-02-23,60,53.14,13.03,0.7538773,1.7243495
2014-02-24,60,53.14,13.03,-0.7588794,1.8799245
2014-02-25,60,53.14,13.03,-0.9935263,1.7239077
2014-02-26,60,53.14,13.03,-0.31317827,1.1257855
2014-02-27,60,53.14,13.03,0.12584814,0.443519
2014-02-28,60,53.14,13.03,-0.3858949,1.2502694
2014-03-01,60,53.14,13.03,-0.8461424,0.38981685
2014-03-02,60,53.14,13.03,0.023857065,0.9392527
2014-03-03,60,53.14,13.03,-1.8451483,0.9021409
2014-03-04,60,53.14,13.03,-1.067822,0.7783413
2014-03-05,60,53.14,13.03,0.2017548,-0.2265532
2014-03-06,60,53.14,13.03,0.33933675,0.037548207
2014-03-07,60,53.14,13.03,-0.074500084,1.4876461
2014-03-08,60,53.14,13.03,0.29262778,0.072737284
2014-03-09,60,53.14,13.03,-0.32093686,1.8846668
2014-03-10,60,53.14,13.03,-0.33690894,1.2175918
2014-03-11,60,53.14,13.03,-0.646757,-1.5701208
2014-03-12,60,53.14,13.03,-0.6926705,-0.2638725
2014-03-13,60,53.14,13.03,0.5051877,0.37196088
2014-03-14,60,53.14,13.03,1.2715976,-0.0021979678
2014-03-15,60,53.14,13.03,3.8469117,-0.8063252
2014-03-16,60,53.14,13.03,4.0302224,-0.9068551
2014-03-17,60,53.14,13.03,3.505728,-0.05192128
2014-03-18,60,53.14,13.03,2.3737302,0.6460593
2014-03-19,60,53.14,13.03,2.530426,0.31800944
2014-03-20,60,53.14,13.03,1.689221,1.3367727
2014-03-21,60,53.14,13.03,2.2536604,1.559036
2014-03-22,60,53.14,13.03,0.72593707,1.1912524
2014-03-23,60,53.14,13.03,1.0773787,0.45752132
2014-03-24,60,53.14,13.03,0.444513,-1.055838
2014-03-25,60,53.14,13.03,0.70744836,-1.3034372
2014-03-26,60,53.14,13.03,-0.60125136,0.5296703
2014-03-27,60,53.14,13.03,-1.6806982,-0.4150338
2014-03-28,60,53.14,13.03,-1.2135019,-0.7535255
2014-03-29,60,53.14,13.03,-0.95312256,0.21845573
2014-03-30,60,53.14,13.03,-0.9591225,0.04250167
2014-03-31,60,53.14,13.03,0.10795094,-0.93745446
2014-04-01,60,53.14,13.03,-0.7756599,-0.45575494
2014-04-02,60,53.14,13.03,-1.5995373,0.9320195
2014-04-03,60,53.14,13.03,-0.6460207,-0.43798006
2014-04-04,60,53.14,13.03,-2.1450338,-0.19742426
2014-04-05,60,53.14,13.03,-1.0171394,0.56034464
2014-04-06,60,53.14,13.03,1.0844688,0.4448985
2014-04-07,60,53.14,13.03,1.1188636,0.838043
2014-04-08,60,53.14,13.03,1.918408,0.9436399
2014-04-09,60,53.14,13.03,3.0800807,-0.28238907
2014-04-10,60,53.14,13.03,0.7754934,-1.3699492
2014-04-11,60,53.14,13.03,0.16055354,0.95064753
2014-04-12,60,53.14,13.03,0.49857175,-0.033887044
2014-04-13,60,53.14,13.03,2.219491,-0.11799287
2014-04-14,60,53.14,13.03,2.9378765,-0.46249324
2014-04-15,60,53.14,13.03,1.6789033,-1.7222307
2014-04-16,60,53.14,13.03,0.27421606,-0.6644414
2014-04-17,60,53.14,13.03,0.6327728,1.7317693
2014-04-18,60,53.14,13.03,0.75297034,-0.030699804
2014-04-19,60,53.14,13.03,-0.97482514,-1.3460073
2014-04-20,60,53.14,13.03,-1.927924,-0.6423897
2014-04-21,60,53.14,13.03,-2.06915,0.22001535
2014-04-22,60,53.14,13.03,-1.0449817,0.23498747
2014-04-23,60,53.14,13.03,-0.7498995,-0.61481965
2014-04-24,60,53.14,13.03,-0.73394656,-0.8567084
2014-04-25,60,53.14,13.03,-1.4557748,-0.4277876
2014-04-26,60,53.14,13.03,-1.3193841,-0.13513851
2014-04-27,60,53.14,13.03,-2.0786066,-0.44845605
2014-04-28,60,53.14,13.03,-1.3333876,-0.9133488
2014-04-29,60,53.14,13.03,-0.36766776,-0.81898075
2014-04-30,60,53.14,13.03,-0.056976672,-0.71493906
2014-05-01,60,53.14,13.03,0.15976864,-0.8762612
2014-05-02,60,53.14,13.03,-1.8791618,-0.97620595
2014-05-03,60,53.14,13.03,-0.059481096,-1.1284846
2014-05-04,60,53.14,13.03,1.5075339,-0.7835389
2014-05-05,60,53.14,13.03,0.5367708,0.051043484
2014-05-06,60,53.14,13.03,-0.8629489,1.4866025
2014-05-07,60,53.14,13.03,1.6015363,0.8741047
2014-05-08,60,53.14,13.03,1.6614311,1.5291452
2014-05-09,60,53.14,13.03,1.5204505,1.2319481
2014-05-10,60,53.14,13.03,2.3339329,1.1891756
2014-05-11,60,53.14,13.03,1.9195898,1.8073426
2014-05-12,60,53.14,13.03,2.3483906,1.348985
2014-05-13,60,53.14,13.03,2.2192717,-0.17605802
2014-05-14,60,53.14,13.03,2.231673,-1.0391741
2014-05-15,60,53.14,13.03,0.29445362,-1.9017187
2014-05-16,60,53.14,13.03,-0.037916467,-1.905351
2014-05-17,60,53.14,13.03,-0.026429553,-1.9990058
2014-05-18,60,53.14,13.03,-0.46130842,-1.225178
2014-05-19,60,53.14,13.03,-0.6332451,0.66033274
2014-05-20,60,53.14,13.03,-0.8372911,0.40718597
2014-05-21,60,53.14,13.03,-0.9594665,0.8475838
2014-05-22,60,53.14,13.03,-1.3204691,1.2278908
2014-05-23,60,53.14,13.03,0.30473268,0.8315512
2014-05-24,60,53.14,13.03,0.47379217,-0.99106514
2014-05-25,60,53.14,13.03,0.65370107,-0.31198347
2014-05-26,60,53.14,13.03,-1.3953762,-1.0005546
2014-05-27,60,53.14,13.03,-2.0026553,-1.6730224
2014-05-28,60,53.14,13.03,-2.1643949,-2.011231
2014-05-29,60,53.14,13.03,-1.4339252,-1.8278892
2014-05-30,60,53.14,13.03,1.2049758,-1.1603626
2014-05-31,60,53.14,13.03,1.7314582,-0.4067968
2014-06-01,60,53.14,13.03,0.9178478,-0.66539097
2014-06-02,60,53.14,13.03,-0.31598303,-1.0015002
2014-06-03,60,53.14,13.03,0.069126084,-0.61104107
2014-06-04,60,53.14,13.03,-0.68695766,0.6066164
2014-06-05,60,53.14,13.03,0.6059277,1.108516
2014-06-06,60,53.14,13.03,0.42234325,0.87777054
2014-06-07,60,53.14,13.03,-0.17436142,0.1771587
2014-06-08,60,53.14,13.03,-0.69831306,-0.23223668
2014-06-09,60,53.14,13.03,-0.4681234,-0.95943546
2014-06-10,60,53.14,13.03,-0.86240476,-0.038303465
2014-06-11,60,53.14,13.03,0.2789873,-0.5108123
2014-06-12,60,53.14,13.03,1.4267025,-1.1237979
2014-06-13,60,53.14,13.03,2.231944,-0.8934314
2014-06-14,60,53.14,13.03,0.9129583,-1.7397902
2014-06-15,60,53.14,13.03,0.3234731,-0.8684999
2014-06-16,60,53.14,13.03,0.88013864,-0.2758784
2014-06-17,60,53.14,13.03,0.11854245,-1.0496235
2014-06-18,60,53.14,13.03,1.2593329,-0.21526067
2014-06-19,60,53.14,13.03,2.9961357,-0.34370062
2014-06-20,60,53.14,13.03,2.8792236,-1.153296
2014-06-21,60,53.14,13.03,2.7780166,-0.6208888
2014-06-22,60,53.14,13.03,2.4301047,-0.5592806
2014-06-23,60,53.14,13.03,2.115293,-0.5591084
2014-06-24,60,53.14,13.03,1.1020672,-0.97366804
2014-06-25,60,53.14,13.03,-0.6518649,-1.1132429
2014-06-26,60,53.14,13.03,-0.28821743,-0.3466153
2014-06-27,60,53.14,13.03,-0.30802208,0.92536193
2014-06-28,60,53.14,13.03,0.64193887,0.90481365
2014-06-29,60,53.14,13.03,0.4393754,-0.40822947
2014-06-30,60,53.14,13.03,1.1579032,-0.5268826
2014-07-01,60,53.14,13.03,1.9303229,-0.1823034
2014-07-02,60,53.14,13.03,1.7349775,0.0032518022
2014-07-03,60,53.14,13.03,1.1908381,0.5600872
2014-07-04,60,53.14,13.03,-0.11874396,1.050204
2014-07-05,60,53.14,13.03,-0.21151447,0.79868966
2014-07-06,60,53.14,13.03,0.28876632,0.9002986
2014-07-07,60,53.14,13.03,0.36825162,-0.37506986
2014-07-08,60,53.14,13.03,-1.3606656,-0.98690563
2014-07-09,60,53.14,13.03,-2.1355343,-0.19259565
2014-07-10,60,53.14,13.03,-1.3785949,-1.2493827
2014-07-11,60,53.14,13.03,-1.2113515,-1.8519089
2014-07-12,60,53.14,13.03,-0.36556506,-1.6144269
2014-07-13,60,53.14,13.03,1.0602877,0.5886561
2014-07-14,60,53.14,13.03,1.4939824,1.2894161
2014-07-15,60,53.14,13.03,1.4429867,0.21009469
2014-07-16,60,53.14,13.03,0.6783115,-0.51649714
2014-07-17,60,53.14,13.03,-0.18636301,-0.5237441
2014-07-18,60,53.14,13.03,-0.53834045,-0.6080507
2014-07-19,60,53.14,13.03,-1.0346669,-0.557827
2014-07-20,60,53.14,13.03,-1.268069,-0.80472344
2014-07-21,60,53.14,13.03,-1.8699551,-1.2971083
2014-07-22,60,53.14,13.03,-1.4810044,-1.6521088
2014-07-23,60,53.14,13.03,-1.3465303,-1.7446063
2014-07-24,60,53.14,13.03,-1.2937459,-1.1684448
2014-07-25,60,53.14,13.03,-1.4045982,-0.5764593
2014-07-26,60,53.14,13.03,-0.92517674,0.4242694
2014-07-27,60,53.14,13.03,-0.1358457,-0.23281536
2014-07-28,60,53.14,13.03,0.08238043,-0.8807548
2014-07-29,60,53.14,13.03,-0.4888898,-1.4708748
2014-07-30,60,53.14,13.03,0.53970844,-1.2531607
2014-07-31,60,53.14,13.03,1.2468276,-0.7243834
2014-08-01,60,53.14,13.03,-0.58117294,0.6552435
2014-08-02,60,53.14,13.03,-1.3520187,0.4939079
2014-08-03,60,53.14,13.03,0.088091716,0.08511488
2014-08-04,60,53.14,13.03,1.036444,-0.57110316
2014-08-05,60,53.14,13.03,0.8229558,-0.8674762
2014-08-06,60,53.14,13.03,0.65533763,-0.19102219
2014-08-07,60,53.14,13.03,-0.23678695,0.50658566
2014-08-08,60,53.14,13.03,0.38064474,-0.34490004
2014-08-09,60,53.14,13.03,-0.049895406,0.63766825
2014-08-10,60,53.14,13.03,-1.1487746,0.92874444
2014-08-11,60,53.14,13.03,1.5834352,1.1368507
2014-08-12,60,53.14,13.03,1.2732261,1.3811133
2014-08-13,60,53.14,13.03,0.45599008,1.2636137
2014-08-14,60,53.14,13.03,1.4037442,0.46287772
2014-08-15,60,53.14,13.03,1.6447835,0.43116274
2014-08-16,60,53.14,13.03,2.0925953,-0.17620252
2014-08-17,60,53.14,13.03,1.9880062,1.5843941
2014-08-18,60,53.14,13.03,2.2183666,2.0110881
2014-08-19,60,53.14,13.03,1.7520685,1.4833889
2014-08-20,60,53.14,13.03,2.655009,1.2797351
2014-08-21,60,53.14,13.03,1.2801552,0.6879425
2014-08-22,60,53.14,13.03,0.7603611,1.4590759
2014-08-23,60,53.14,13.03,1.446399,0.79020464
2014-08-24,60,53.14,13.03,1.9482019,0.13512565
2014-08-25,60,53.14,13.03,1.4745526,0.53043675
2014-08-26,60,53.14,13.03,0.13317956,-0.25414893
2014-08-27,60,53.14,13.03,0.89619565,-0.88225293
2014-08-28,60,53.14,13.03,0.5779762,0.10576812
2014-08-29,60,53.14,13.03,0.2700571,0.7866862
2014-08-30,60,53.14,13.03,0.87097955,0.6894835
2014-08-31,60,53.14,13.03,0.60121256,0.26941818
2014-09-01,60,53.14,13.03,0.2572329,-0.36217725
2014-09-02,60,53.14,13.03,-1.2286828,-0.77679086
2014-09-03,60,53.14,13.03,-1.5420394,-0.7779647
2014-09-04,60,53.14,13.03,-1.6973329,-0.10121519
2014-09-05,60,53.14,13.03,-1.4585721,0.37464488
2014-09-06,60,53.14,13.03,-1.329392,0.41826645
2014-09-07,60,53.14,13.03,0.16095732,0.31007847
2014-09-08,60,53.14,13.03,0.98645717,-0.35344043
2014-09-09,60,53.14,13.03,1.6734426,0.0067173317
2014-09-10,60,53.14,13.03,1.4469002,-0.7571611
2014-09-11,60,53.14,13.03,-1.0943729,-0.7773896
2014-09-12,60,53.14,13.03,-1.2839282,-2.3290806
2014-09-13,60,53.14,13.03,-0.42426845,-1.8916807
2014-09-14,60,53.14,13.03,-0.47985256,-1.2121332
2014-09-15,60,53.14,13.03,-1.7206111,-0.28106284
2014-09-16,60,53.14,13.03,-1.8415991,-0.019949239
2014-09-17,60,53.14,13.03,-1.7937591,0.11982421
2014-09-18,60,53.14,13.03,-1.690897,0.6006922
2014-09-19,60,53.14,13.03,-0.8767106,0.5204094
2014-09-20,60,53.14,13.03,-0.5728532,-0.090498246
2014-09-21,60,53.14,13.03,1.2191023,-0.55257666
2014-09-22,60,53.14,13.03,2.1705892,-1.2785449
2014-09-23,60,53.14,13.03,0.89361805,-1.2545909
2014-09-24,60,53.14,13.03,0.6204887,1.618977
2014-09-25,60,53.14,13.03,2.1286323,0.110821545
2014-09-26,60,53.14,13.03,2.345601,0.4034937
2014-09-27,60,53.14,13.03,1.4578488,-0.18370347
2014-09-28,60,53.14,13.03,0.5447956,0.92930835
2014-09-29,60,53.14,13.03,0.012934469,0.45152518
2014-09-30,60,53.14,13.03,0.11339028,0.032302387
2014-10-01,60,53.14,13.03,0.45733473,0.10872616
2014-10-02,60,53.14,13.03,-0.09758485,0.39398497
2014-10-03,60,53.14,13.03,-0.7323113,0.8457038
2014-10-04,60,53.14,13.03,-1.4149574,0.84063685
2014-10-05,60,53.14,13.03,-1.3674788,0.6487596
2014-10-06,60,53.14,13.03,-1.9903667,0.3639925
2014-10-07,60,53.14,13.03,-1.1095607,2.025759
2014-10-08,60,53.14,13.03,0.39989778,1.9620473
2014-10-09,60,53.14,13.03,0.5818821,1.865277
2014-10-10,60,53.14,13.03,1.0768015,1.0951228
2014-10-11,60,53.14,13.03,-0.60674524,0.12430444
2014-10-12,60,53.14,13.03,0.7654376,0.42502367
2014-10-13,60,53.14,13.03,-0.72467726,0.9742667
2014-10-14,60,53.14,13.03,0.66047174,0.32739884
2014-10-15,60,53.14,13.03,0.3233691,0.64145255
2014-10-16,60,53.14,13.03,0.4361077,1.0671628
2014-10-17,60,53.14,13.03,1.2699517,0.3055341
2014-10-18,60,53.14,13.03,0.36161125,1.1945761
2014-10-19,60,53.14,13.03,1.146453,1.7288232
2014-10-20,60,53.14,13.03,2.3498409,0.7602435
2014-10-21,60,53.14,13.03,0.8947987,1.269078
2014-10-22,60,53.14,13.03,1.4345992,-0.6733755
2014-10-23,60,53.14,13.03,-0.14343503,-0.5701259
2014-10-24,60,53.14,13.03,-0.67626166,1.6469252
2014-10-25,60,53.14,13.03,-0.3206062,1.5837742
2014-10-26,60,53.14,13.03,0.93930644,1.138722
2014-10-27,60,53.14,13.03,0.43751144,1.5359657
2014-10-28,60,53.14,13.03,-0.26703027,1.6463413
2014-10-29,60,53.14,13.03,0.7275993,1.0630866
2014-10-30,60,53.14,13.03,0.016337313,-0.017346382
2014-10-31,60,53.14,13.03,-0.099253796,1.4149028
2014-11-01,60,53.14,13.03,0.019610945,0.9145297
2014-11-02,60,53.14,13.03,0.2735338,1.4610527
2014-11-03,60,53.14,13.03,0.5439283,2.4917872
2014-11-04,60,53.14,13.03,0.029174369,1.9665325
2014-11-05,60,53.14,13.03,0.23422703,0.09908579
2014-11-06,60,53.14,13.03,1.1967373,0.4416438
2014-11-07,60,53.14,13.03,-0.102177426,1.3838756
2014-11-08,60,53.14,13.03,0.49436933,1.4621471
2014-11-09,60,53.14,13.03,-1.2734745,1.1240253
2014-11-10,60,53.14,13.03,0.14194202,1.0970678
2014-11-11,60,53.14,13.03,-0.9813493,0.5536187
2014-11-12,60,53.14,13.03,-1.4495509,0.27996993
2014-11-13,60,53.14,13.03,-0.01452291,0.22131273
2014-11-14,60,53.14,13.03,-1.6427871,0.70509404
2014-11-15,60,53.14,13.03,-2.3791368,0.5639357
2014-11-16,60,53.14,13.03,-2.009669,0.3210726
2014-11-17,60,53.14,13.03,-1.0688857,0.5593659
2014-11-18,60,53.14,13.03,-1.6152762,-0.5866762
2014-11-19,60,53.14,13.03,-0.97542477,-0.7507569
2014-11-20,60,53.14,13.03,0.3292734,-0.609269
2014-11-21,60,53.14,13.03,0.7313458,0.21859732
2014-11-22,60,53.14,13.03,-1.180591,1.232712
2014-11-23,60,53.14,13.03,-1.1786569,1.543337
2014-11-24,60,53.14,13.03,0.8537489,1.1536509
2014-11-25,60,53.14,13.03,0.957068,-0.014245495
2014-11-26,60,53.14,13.03,-1.2189345,0.71408266
2014-11-27,60,53.14,13.03,-2.110794,0.8998722
2014-11-28,60,53.14,13.03,-2.496259,0.6525381
2014-11-29,60,53.14,13.03,-2.2789311,0.59676653
2014-11-30,60,53.14,13.03,-2.2598515,0.8969224
2014-12-01,60,53.14,13.03,-2.4037325,0.41902983
2014-12-02,60,53.14,13.03,-1.609514,0.32400203
2014-12-03,60,53.14,13.03,-0.6765287,-0.32417378
2014-12-04,60,53.14,13.03,-1.5228441,-0.0125819035
2014-12-05,60,53.14,13.03,-0.011246577,0.71233964
2014-12-06,60,53.14,13.03,0.9347464,0.6602358
2014-12-07,60,53.14,13.03,0.8116652,1.2496521
2014-12-08,60,53.14,13.03,2.2372026,1.1851457
2014-12-09,60,53.14,13.03,1.1593034,1.1425565
2014-12-10,60,53.14,13.03,1.2705637,2.47726
2014-12-11,60,53.14,13.03,1.8356268,2.0573077
2014-12-12,60,53.14,13.03,2.174173,2.5646718
2014-12-13,60,53.14,13.03,2.0310793,1.031186
2014-12-14,60,53.14,13.03,0.86636645,0.96787715
2014-12-15,60,53.14,13.03,1.244981,1.6471447
2014-12-16,60,53.14,13.03,1.6164013,1.3407813
2014-12-17,60,53.14,13.03,1.0950552,1.3873669
2014-12-18,60,53.14,13.03,1.8455288,1.3574046
2014-12-19,60,53.14,13.03,3.2760944,1.1155571
2014-12-20,60,53.14,13.03,3.8521023,0.8332556
2014-12-21,60,53.14,13.03,3.5369275,0.33292988
2014-12-22,60,53.14,13.03,4.01368,1.2510426
2014-12-23,60,53.14,13.03,3.894812,0.8479082
2014-12-24,60,53.14,13.03,3.2527137,1.1625233
2014-12-25,60,53.14,13.03,2.610983,0.32503122
2014-12-26,60,53.14,13.03,0.6852521,-0.7787827
2014-12-27,60,53.14,13.03,-1.2236379,0.55280167
2014-12-28,60,53.14,13.03,-0.15596616,-0.7753346
2014-12-29,60,53.14,13.03,0.2488814,-0.53340626
2014-12-30,60,53.14,13.03,0.8099445,0.7379158
2014-12-31,60,53.14,13.03,1.5943522,0.20176476
2015-01-01,60,53.14,13.03,2.0197344,0.77171147
2015-01-02,60,53.14,13.03,3.5343776,1.2198533
2015-01-03,60,53.14,13.03,3.4792345,0.7091126
2015-01-04,60,53.14,13.03,2.636996,-1.8225126
2015-01-05,60,53.14,13.03,2.0583527,-0.8389801
2015-01-06,60,53.14,13.03,-0.6835811,1.2810254
2015-01-07,60,53.14,13.03,1.1670345,0.98023164
2015-01-08,60,53.14,13.03,1.523358,1.8262943
2015-01-09,60,53.14,13.03,4.066415,0.747319
2015-01-10,60,53.14,13.03,3.832645,0.50944734
2015-01-11,60,53.14,13.03,4.1323004,0.48706192
2015-01-12,60,53.14,13.03,2.9473722,1.4307624
2015-01-13,60,53.14,13.03,2.50092,2.1126895
2015-01-14,60,53.14,13.03,1.8008065,1.5796579
2015-01-15,60,53.14,13.03,0.6721558,2.5354097
2015-01-16,60,53.14,13.03,1.4396476,1.8083568
2015-01-17,60,53.14,13.03,1.2535866,0.37966883
2015-01-18,60,53.14,13.03,0.6088814,1.6139748
2015-01-19,60,53.14,13.03,-0.63018537,1.2266374
2015-01-20,60,53.14,13.03,-0.75093114,0.71758777
2015-01-21,60,53.14,13.03,0.46601778,-0.42687434
2015-01-22,60,53.14,13.03,-0.8257571,-0.86784416
2015-01-23,60,53.14,13.03,0.085991554,-1.1124296
2015-01-24,60,53.14,13.03,0.6417206,1.477338
2015-01-25,60,53.14,13.03,1.6049678,-0.5169073
2015-01-26,60,53.14,13.03,0.8439588,1.5415677
2015-01-27,60,53.14,13.03,2.42918,-1.3897188
2015-01-28,60,53.14,13.03,1.4728498,2.0596662
2015-01-29,60,53.14,13.03,2.0520623,2.4429493
2015-01-30,60,53.14,13.03,0.14373161,0.88850516
2015-01-31,60,53.14,13.03,1.9106388,-0.2733824
2015-02-01,60,53.14,13.03,1.874736,0.83211315
2015-02-02,60,53.14,13.03,2.097001,0.6242188
2015-02-03,60,53.14,13.03,1.2686123,-0.13171202
2015-02-04,60,53.14,13.03,1.1443815,-0.7075248
2015-02-05,60,53.14,13.03,-0.3953016,-0.57881147
2015-02-06,60,53.14,13.03,-0.45864108,-0.67804325
2015-02-07,60,53.14,13.03,2.2522717,-0.053449124
2015-02-08,60,53.14,13.03,1.8882761,-2.7688105
2015-02-09,60,53.14,13.03,2.3752413,-1.0345274
2015-02-10,60,53.14,13.03,1.6948026,-0.578604
2015-02-11,60,53.14,13.03,0.69567746,-0.04106866
2015-02-12,60,53.14,13.03,-0.028190956,0.77831775
2015-02-13,60,53.14,13.03,-0.035713892,0.9494695
2015-02-14,60,53.14,13.03,-0.8570246,0.5096039
2015-02-15,60,53.14,13.03,-1.722622,-0.3376085
2015-02-16,60,53.14,13.03,-2.126322,1.1581396
2015-02-17,60,53.14,13.03,-0.059749782,0.7212426
2015-02-18,60,53.14,13.03,1.3674614,0.74421775
2015-02-19,60,53.14,13.03,1.5270897,1.3264686
2015-02-20,60,53.14,13.03,1.0453548,1.8058927
2015-02-21,60,53.14,13.03,1.4113292,2.1967998
2015-02-22,60,53.14,13.03,1.3939985,0.84886855
2015-02-23,60,53.14,13.03,0.30127004,2.5535514
2015-02-24,60,53.14,13.03,1.2399833,1.9151164
2015-02-25,60,53.14,13.03,0.88051313,0.9936123
2015-02-26,60,53.14,13.03,-0.41606888,1.5072765
2015-02-27,60,53.14,13.03,-0.18663299,1.1967964
2015-02-28,60,53.14,13.03,1.2829535,0.4290164
2015-03-01,60,53.14,13.03,0.6308034,2.3723965
2015-03-02,60,53.14,13.03,2.0819788,1.1831245
2015-03-03,60,53.14,13.03,2.3315437,0.91710794
2015-03-04,60,53.14,13.03,2.446254,0.8027945
2015-03-05,60,53.14,13.03,1.5199571,-1.0724576
2015-03-06,60,53.14,13.03,1.7766173,0.49434108
2015-03-07,60,53.14,13.03,1.1729276,1.7112565
2015-03-08,60,53.14,13.03,0.92528117,1.7318013
2015-03-09,60,53.14,13.03,0.58366144,-0.19548793
2015-03-10,60,53.14,13.03,0.86701095,0.40632394
2015-03-11,60,53.14,13.03,1.479412,-1.2709289
2015-03-12,60,53.14,13.03,-0.51347804,-1.2616459
2015-03-13,60,53.14,13.03,-1.0651333,-1.1463764
2015-03-14,60,53.14,13.03,-1.1972029,-0.9959773
2015-03-15,60,53.14,13.03,-2.1493456,-0.0866217
2015-03-16,60,53.14,13.03,-3.0626214,0.97366554
2015-03-17,60,53.14,13.03,-2.0980334,1.1493487
2015-03-18,60,53.14,13.03,-1.8998346,0.92152673
2015-03-19,60,53.14,13.03,-1.242404,0.05750878
2015-03-20,60,53.14,13.03,0.70892215,0.3655059
2015-03-21,60,53.14,13.03,0.520556,-0.48657766
2015-03-22,60,53.14,13.03,-1.2184105,-0.7521379
2015-03-23,60,53.14,13.03,0.4108927,1.248797
2015-03-24,60,53.14,13.03,0.49388278,0.15887901
2015-03-25,60,53.14,13.03,-1.0681609,-0.04437688
2015-03-26,60,53.14,13.03,0.35231477,0.10625723
2015-03-27,60,53.14,13.03,0.83213943,0.76965606
2015-03-28,60,53.14,13.03,1.0268564,0.5522089
2015-03-29,60,53.14,13.03,1.4711232,2.1004386
2015-03-30,60,53.14,13.03,4.606895,-0.05792713
2015-03-31,60,53.14,13.03,3.1862698,0.9137907
2015-04-01,60,53.14,13.03,3.5883033,-0.5754135
2015-04-02,60,53.14,13.03,2.3635592,-0.92092836
2015-04-03,60,53.14,13.03,1.9217484,-0.7598357
2015-04-04,60,53.14,13.03,0.69114214,-1.186509
2015-04-05,60,53.14,13.03,0.562083,-1.327313
2015-04-06,60,53.14,13.03,-0.13969153,-1.381852
2015-04-07,60,53.14,13.03,1.8429477,-0.5120852
2015-04-08,60,53.14,13.03,1.3869524,-1.0200557
2015-04-09,60,53.14,13.03,0.08521275,0.851684
2015-04-10,60,53.14,13.03,-0.14911127,0.51315236
2015-04-11,60,53.14,13.03,0.7600664,1.5578078
2015-04-12,60,53.14,13.03,2.123338,0.7382558
2015-04-13,60,53.14,13.03,3.077836,-0.5706701
2015-04-14,60,53.14,13.03,1.7494271,0.5069141
2015-04-15,60,53.14,13.03,2.390879,0.3034275
2015-04-16,60,53.14,13.03,1.8771714,-0.9592172
2015-04-17,60,53.14,13.03,1.3309268,-1.4419134
2015-04-18,60,53.14,13.03,0.32765743,-1.7222073
2015-04-19,60,53.14,13.03,0.39976162,-0.70363086
2015-04-20,60,53.14,13.03,0.57790333,-1.426974
2015-04-21,60,53.14,13.03,1.5121521,-1.1796263
2015-04-22,60,53.14,13.03,0.9544064,-0.59269804
2015-04-23,60,53.14,13.03,1.5409043,0.17290774
2015-04-24,60,53.14,13.03,0.9525436,0.28599054
2015-04-25,60,53.14,13.03,0.7149036,1.1840352
2015-04-26,60,53.14,13.03,0.9629842,0.66072214
2015-04-27,60,53.14,13.03,0.020640176,-1.4792635
2015-04-28,60,53.14,13.03,0.8318651,-1.1646487
2015-04-29,60,53.14,13.03,1.044623,0.7250267
2015-04-30,60,53.14,13.03,0.11364184,1.3435253
2015-05-01,60,53.14,13.03,1.7990081,0.019138098
2015-05-02,60,53.14,13.03,1.0008929,-0.33958808
2015-05-03,60,53.14,13.03,-1.2331454,0.9260305
2015-05-04,60,53.14,13.03,1.1078843,1.0338931
2015-05-05,60,53.14,13.03,-0.38528013,1.851908
2015-05-06,60,53.14,13.03,1.0523071,1.1568532
2015-05-07,60,53.14,13.03,1.9192739,0.80525446
2015-05-08,60,53.14,13.03,-0.076147385,0.08556202
2015-05-09,60,53.14,13.03,0.41652542,0.42419842
2015-05-10,60,53.14,13.03,2.3666744,-0.13079408
2015-05-11,60,53.14,13.03,-0.30080032,1.1983879
2015-05-12,60,53.14,13.03,0.7294687,1.0660626
2015-05-13,60,53.14,13.03,2.4208987,0.19444288
2015-05-14,60,53.14,13.03,1.7208593,-0.79746586
2015-05-15,60,53.14,13.03,0.8152296,-0.7231959
2015-05-16,60,53.14,13.03,1.6974071,0.5016406
2015-05-17,60,53.14,13.03,2.9824255,-0.3553808
2015-05-18,60,53.14,13.03,0.33088368,0.80101186
2015-05-19,60,53.14,13.03,1.4476323,0.7525704
2015-05-20,60,53.14,13.03,0.64169633,0.3541418
2015-05-21,60,53.14,13.03,1.2528077,-0.24247149
2015-05-22,60,53.14,13.03,1.0153934,0.2121264
2015-05-23,60,53.14,13.03,0.6264099,-0.67558956
2015-05-24,60,53.14,13.03,0.2775829,-0.20324075
2015-05-25,60,53.14,13.03,0.667745,0.009147823
2015-05-26,60,53.14,13.03,1.3595827,-0.8383285
2015-05-27,60,53.14,13.03,1.9705397,-1.1258342
2015-05-28,60,53.14,13.03,1.2520318,1.593178
2015-05-29,60,53.14,13.03,0.65350026,0.79870665
2015-05-30,60,53.14,13.03,2.2008107,1.025857
2015-05-31,60,53.14,13.03,1.140202,1.694923
2015-06-01,60,53.14,13.03,0.9084872,0.6587948
2015-06-02,60,53.14,13.03,1.4300771,2.9416568
2015-06-03,60,53.14,13.03,2.514978,0.6106279
2015-06-04,60,53.14,13.03,0.44766688,-0.6085165
2015-06-05,60,53.14,13.03,-1.4537705,0.94032204
2015-06-06,60,53.14,13.03,0.38634127,0.51420444
2015-06-07,60,53.14,13.03,0.702762,-0.7164347
2015-06-08,60,53.14,13.03,0.15785852,-1.6094823
2015-06-09,60,53.14,13.03,-0.50955695,-1.2040496
2015-06-10,60,53.14,13.03,-0.3902911,-0.79075617
2015-06-11,60,53.14,13.03,-0.048526354,-0.64207566
2015-06-12,60,53.14,13.03,-0.9900615,-0.31797713
2015-06-13,60,53.14,13.03,-0.08867502,0.94558156
2015-06-14,60,53.14,13.03,1.6475468,-0.26396373
2015-06-15,60,53.14,13.03,1.0084218,-1.6145347
2015-06-16,60,53.14,13.03,1.1668453,-0.9690192
2015-06-17,60,53.14,13.03,1.3124496,0.05542782
2015-06-18,60,53.14,13.03,2.1439848,-0.18598424
2015-06-19,60,53.14,13.03,2.5496435,-0.28252625
2015-06-20,60,53.14,13.03,1.605193,-0.6121212
2015-06-21,60,53.14,13.03,1.5916338,-0.29727134
2015-06-22,60,53.14,13.03,0.9261744,0.87127095
2015-06-23,60,53.14,13.03,1.4507537,-0.24625468
2015-06-24,60,53.14,13.03,2.273161,0.053820103
2015-06-25,60,53.14,13.03,1.5861058,0.48294604
2015-06-26,60,53.14,13.03,0.17879488,-0.34910744
2015-06-27,60,53.14,13.03,0.6388513,0.56146145
2015-06-28,60,53.14,13.03,1.5099167,-0.7953521
2015-06-29,60,53.14,13.03,0.5391807,0.21616283
2015-06-30,60,53.14,13.03,0.50148743,-1.16464
2015-07-01,60,53.14,13.03,-1.1024841,-0.28074342
2015-07-02,60,53.14,13.03,-1.9475832,0.5027517
2015-07-03,60,53.14,13.03,-1.2075685,0.66346073
2015-07-04,60,53.14,13.03,-0.86249655,0.83985543
2015-07-05,60,53.14,13.03,0.17505412,0.08296151
2015-07-06,60,53.14,13.03,2.1323054,-0.21856283
2015-07-07,60,53.14,13.03,0.41362596,0.6685639
2015-07-08,60,53.14,13.03,2.3261766,0.8278912
2015-07-09,60,53.14,13.03,3.4375231,-0.22121939
2015-07-10,60,53.14,13.03,3.3326373,-0.8970762
2015-07-11,60,53.14,13.03,0.6146887,-0.39415526
2015-07-12,60,53.14,13.03,0.618252,0.3003175
2015-07-13,60,53.14,13.03,1.6776246,0.018182017
2015-07-14,60,53.14,13.03,0.6652359,-0.20697865
2015-07-15,60,53.14,13.03,1.3292866,-0.6525812
2015-07-16,60,53.14,13.03,-0.03905704,-0.28125829
2015-07-17,60,53.14,13.03,-0.8658282,0.12232751
2015-07-18,60,53.14,13.03,1.1622411,-0.7645655
2015-07-19,60,53.14,13.03,-0.49510187,-0.9766603
2015-07-20,60,53.14,13.03,2.1244552,0.08534637
2015-07-21,60,53.14,13.03,0.931476,0.5603146
2015-07-22,60,53.14,13.03,0.7494624,0.32087204
2015-07-23,60,53.14,13.03,1.475053,-0.6083971
2015-07-24,60,53.14,13.03,-0.464236,-0.24916396
2015-07-25,60,53.14,13.03,0.33608988,1.6733844
2015-07-26,60,53.14,13.03,3.057829,1.0225623
2015-07-27,60,53.14,13.03,0.24323666,1.4907358
2015-07-28,60,53.14,13.03,2.1849673,1.500431
2015-07-29,60,53.14,13.03,2.0741038,1.6116358
2015-07-30,60,53.14,13.03,3.204485,1.1240065
2015-07-31,60,53.14,13.03,2.4107482,-0.1576043
2015-08-01,60,53.14,13.03,-0.5174816,-0.23631123
2015-08-02,60,53.14,13.03,-0.11483221,-0.52331394
2015-08-03,60,53.14,13.03,-1.0594723,-0.29872555
2015-08-04,60,53.14,13.03,-0.65204453,0.9827704
2015-08-05,60,53.14,13.03,1.0793833,-0.17067029
2015-08-06,60,53.14,13.03,-0.6889216,0.35272345
2015-08-07,60,53.14,13.03,-0.31555468,-0.27883142
2015-08-08,60,53.14,13.03,-0.1670965,-1.6874938
2015-08-09,60,53.14,13.03,-0.47093767,-1.3644195
2015-08-10,60,53.14,13.03,-1.0223072,-0.7913026
2015-08-11,60,53.14,13.03,-0.19960137,-0.94576335
2015-08-12,60,53.14,13.03,0.12383209,-1.7047994
2015-08-13,60,53.14,13.03,-1.2982202,-1.1423182
2015-08-14,60,53.14,13.03,-2.4439068,0.2380704
2015-08-15,60,53.14,13.03,0.01596351,0.34354672
2015-08-16,60,53.14,13.03,-0.026911095,-0.7905219
2015-08-17,60,53.14,13.03,-1.8563871,-0.30797887
2015-08-18,60,53.14,13.03,-1.149944,0.46198612
2015-08-19,60,53.14,13.03,-0.54954886,0.06921505
2015-08-20,60,53.14,13.03,-0.8203422,0.29239437
2015-08-21,60,53.14,13.03,-1.0178983,0.09128779
2015-08-22,60,53.14,13.03,-1.2380545,-0.28988224
2015-08-23,60,53.14,13.03,-1.8085608,0.17502631
2015-08-24,60,53.14,13.03,-1.4422562,1.4315283
2015-08-25,60,53.14,13.03,1.53982,1.7851919
2015-08-26,60,53.14,13.03,0.47717822,1.8618993
2015-08-27,60,53.14,13.03,0.33296406,1.036035
2015-08-28,60,53.14,13.03,1.4007716,0.02558205
2015-08-29,60,53.14,13.03,0.26506364,0.480292
2015-08-30,60,53.14,13.03,-0.8829904,0.13857736
2015-08-31,60,53.14,13.03,-0.781384,0.3753283
2015-09-01,60,53.14,13.03,1.7310766,0.383787
2015-09-02,60,53.14,13.03,1.7542111,0.59932446
2015-09-03,60,53.14,13.03,0.22097205,0.6031623
2015-09-04,60,53.14,13.03,0.70561486,0.8687759
2015-09-05,60,53.14,13.03,2.4549417,1.4019765
2015-09-06,60,53.14,13.03,2.9946957,-0.59818864
2015-09-07,60,53.14,13.03,1.3966018,-1.2681103
2015-09-08,60,53.14,13.03,1.204473,-1.0616889
2015-09-09,60,53.14,13.03,-0.5700408,-1.183036
2015-09-10,60,53.14,13.03,-1.2995188,-0.62895656
2015-09-11,60,53.14,13.03,-1.9567795,0.22957335
2015-09-12,60,53.14,13.03,-1.2346265,0.65321875
2015-09-13,60,53.14,13.03,-1.5190647,1.1838207
2015-09-14,60,53.14,13.03,-0.7286886,1.7980213
2015-09-15,60,53.14,13.03,0.8023765,2.2880888
2015-09-16,60,53.14,13.03,-0.69669783,1.6388357
2015-09-17,60,53.14,13.03,0.976222,2.4148037
2015-09-18,60,53.14,13.03,1.5310507,1.3035573
2015-09-19,60,53.14,13.03,0.8859534,0.8347058
2015-09-20,60,53.14,13.03,1.8999282,-0.06429615
2015-09-21,60,53.14,13.03,1.2676774,0.41523245
2015-09-22,60,53.14,13.03,-0.46610796,1.8263196
2015-09-23,60,53.14,13.03,0.19734782,0.9919731
2015-09-24,60,53.14,13.03,0.9232595,1.5462087
2015-09-25,60,53.14,13.03,0.93995905,0.17445564
2015-09-26,60,53.14,13.03,0.7279504,-0.9812921
2015-09-27,60,53.14,13.03,0.576758,-1.0582377
2015-09-28,60,53.14,13.03,0.15623748,-1.1793954
2015-09-29,60,53.14,13.03,-1.1330613,-0.825119
2015-09-30,60,53.14,13.03,-0.95810735,-0.6471496
2015-10-01,60,53.14,13.03,0.28373164,0.48994547
2015-10-02,60,53.14,13.03,0.7014782,0.20258075
2015-10-03,60,53.14,13.03,-1.0027881,0.10432002
2015-10-04,60,53.14,13.03,1.1064408,0.19572651
2015-10-05,60,53.14,13.03,-0.19270237,-0.2243973
2015-10-06,60,53.14,13.03,-2.2628028,0.5966683
2015-10-07,60,53.14,13.03,-2.4342299,0.93632275
2015-10-08,60,53.14,13.03,-1.2930388,0.36675274
2015-10-09,60,53.14,13.03,-1.3208613,0.05659665
2015-10-10,60,53.14,13.03,-1.8284162,-0.30587777
2015-10-11,60,53.14,13.03,-1.9143224,-0.33279565
2015-10-12,60,53.14,13.03,-1.767271,-0.1400122
2015-10-13,60,53.14,13.03,-1.0785446,-0.08555472
2015-10-14,60,53.14,13.03,-1.7040579,-0.55302227
2015-10-15,60,53.14,13.03,-2.004454,-0.59961104
2015-10-16,60,53.14,13.03,-0.6505053,-0.22163233
2015-10-17,60,53.14,13.03,0.56983304,0.07926895
2015-10-18,60,53.14,13.03,1.1266963,0.37520778
2015-10-19,60,53.14,13.03,-0.080987126,-0.64528775
2015-10-20,60,53.14,13.03,0.2832297,-0.8635806
2015-10-21,60,53.14,13.03,1.1378133,0.040762305
2015-10-22,60,53.14,13.03,1.1780964,1.3758117
2015-10-23,60,53.14,13.03,2.3125534,-0.29550558
2015-10-24,60,53.14,13.03,-0.042426974,1.0664107
2015-10-25,60,53.14,13.03,1.5076175,-0.03718377
2015-10-26,60,53.14,13.03,-0.47051236,0.054924402
2015-10-27,60,53.14,13.03,-1.4943295,0.8977063
2015-10-28,60,53.14,13.03,-1.7585142,0.57550013
2015-10-29,60,53.14,13.03,-0.49060887,0.22464342
2015-10-30,60,53.14,13.03,-0.61054105,0.102847405
2015-10-31,60,53.14,13.03,-1.1977463,1.0038276
2015-11-01,60,53.14,13.03,0.34043524,1.1213839
2015-11-02,60,53.14,13.03,-0.052997008,0.04219342
2015-11-03,60,53.14,13.03,-0.23482357,0.42681834
2015-11-04,60,53.14,13.03,0.04375984,0.39626998
2015-11-05,60,53.14,13.03,-0.20059124,0.865418
2015-11-06,60,53.14,13.03,0.30465978,1.3486377
2015-11-07,60,53.14,13.03,1.375087,1.0552834
2015-11-08,60,53.14,13.03,2.4630978,0.39864624
2015-11-09,60,53.14,13.03,2.0289772,1.1641011
2015-11-10,60,53.14,13.03,3.4534461,0.8117484
2015-11-11,60,53.14,13.03,2.5528755,0.71751356
2015-11-12,60,53.14,13.03,2.26953,0.73309356
2015-11-13,60,53.14,13.03,1.011154,1.7100399
2015-11-14,60,53.14,13.03,3.5109797,0.97850126
2015-11-15,60,53.14,13.03,1.1796045,0.5615255
2015-11-16,60,53.14,13.03,1.081278,1.1362954
2015-11-17,60,53.14,13.03,1.5444252,1.6191461
2015-11-18,60,53.14,13.03,3.2753646,1.1603398
2015-11-19,60,53.14,13.03,3.6830165,1.5154848
2015-11-20,60,53.14,13.03,2.420499,0.59573805
2015-11-21,60,53.14,13.03,1.5538545,0.80344886
2015-11-22,60,53.14,13.03,1.8173841,0.56949097
2015-11-23,60,53.14,13.03,0.79796785,-0.47788724
2015-11-24,60,53.14,13.03,0.82812434,2.0530522
2015-11-25,60,53.14,13.03,0.51792306,1.7813756
2015-11-26,60,53.14,13.03,1.1534755,0.05969397
2015-11-27,60,53.14,13.03,0.58601797,1.2807292
2015-11-28,60,53.14,13.03,1.3866271,1.5631281
2015-11-29,60,53.14,13.03,1.9342983,2.4660106
2015-11-30,60,53.14,13.03,3.0500422,0.76681095
2015-12-01,60,53.14,13.03,2.5209944,-0.28493354
2015-12-02,60,53.14,13.03,1.7781707,0.7573407
2015-12-03,60,53.14,13.03,1.3190774,1.2556584
2015-12-04,60,53.14,13.03,1.6619979,1.6552866
2015-12-05,60,53.14,13.03,2.189089,2.2219326
2015-12-06,60,53.14,13.03,2.8669071,2.3448985
2015-12-07,60,53.14,13.03,1.0771316,0.4414097
2015-12-08,60,53.14,13.03,-0.6020865,1.2696984
2015-12-09,60,53.14,13.03,1.5866402,0.57414246
2015-12-10,60,53.14,13.03,1.3229282,1.8447667
2015-12-11,60,53.14,13.03,1.9652171,1.8117325
2015-12-12,60,53.14,13.03,3.0322726,0.7276479
2015-12-13,60,53.14,13.03,2.4538352,0.06258604
2015-12-14,60,53.14,13.03,-0.13523397,0.69413936
2015-12-15,60,53.14,13.03,-0.1349673,0.13985568
2015-12-16,60,53.14,13.03,-0.8509093,1.1137568
2015-12-17,60,53.14,13.03,1.5080522,1.2664914
2015-12-18,60,53.14,13.03,1.9333506,0.90749824
2015-12-19,60,53.14,13.03,1.3146565,1.4221932
2015-12-20,60,53.14,13.03,0.765569,1.7871649
2015-12-21,60,53.14,13.03,1.6603236,1.7896152
2015-12-22,60,53.14,13.03,3.0147064,1.6403816
2015-12-23,60,53.14,13.03,2.6025527,1.8562224
2015-12-24,60,53.14,13.03,0.73922735,2.2821348
2015-12-25,60,53.14,13.03,2.060996,1.3257713
2015-12-26,60,53.14,13.03,2.9654326,1.6453073
2015-12-27,60,53.14,13.03,2.17555,1.3755877
2015-12-28,60,53.14,13.03,0.20334204,-0.5053699
2015-12-29,60,53.14,13.03,-2.1347127,1.4207784
2015-12-30,60,53.14,13.03,-1.6090355,1.9138024
2015-12-31,60,53.14,13.03,-0.83347374,2.0752532
2016-01-01,60,53.14,13.03,0.7718823,0.49516565
2016-01-02,60,53.14,13.03,-2.277699,0.47627953
2016-01-03,60,53.14,13.03,-2.6385174,0.9295253
2016-01-04,60,53.14,13.03,-2.3825746,0.67543596
2016-01-05,60,53.14,13.03,-1.9718297,-0.17108892
2016-01-06,60,53.14,13.03,-1.5624461,-0.41428632
2016-01-07,60,53.14,13.03,-1.5843451,0.2406614
2016-01-08,60,53.14,13.03,1.5470647,1.4058329
2016-01-09,60,53.14,13.03,0.040525537,1.1135007
2016-01-10,60,53.14,13.03,-0.61765456,1.5840416
2016-01-11,60,53.14,13.03,-0.4530027,0.8750431
2016-01-12,60,53.14,13.03,0.048871055,0.6037798
2016-01-13,60,53.14,13.03,1.2930303,-0.035051018
2016-01-14,60,53.14,13.03,0.72787565,1.157156
2016-01-15,60,53.14,13.03,-0.96817166,-0.47841495
2016-01-16,60,53.14,13.03,0.47039476,0.039534777
2016-01-17,60,53.14,13.03,0.29710096,-0.894892
2016-01-18,60,53.14,13.03,1.1043454,0.53309333
2016-01-19,60,53.14,13.03,0.9606521,1.3745015
2016-01-20,60,53.14,13.03,1.3624119,-0.5298921
2016-01-21,60,53.14,13.03,1.0708042,-0.37625793
2016-01-22,60,53.14,13.03,-0.22192068,1.1881378
2016-01-23,60,53.14,13.03,0.6639708,0.6497114
2016-01-24,60,53.14,13.03,1.3035333,0.8121932
2016-01-25,60,53.14,13.03,1.689465,0.4643538
2016-01-26,60,53.14,13.03,1.6593119,1.3688214
2016-01-27,60,53.14,13.03,2.3866608,1.9844047
2016-01-28,60,53.14,13.03,2.8342905,0.6910607
2016-01-29,60,53.14,13.03,2.2286022,1.8906376
2016-01-30,60,53.14,13.03,2.5840957,2.3703103
2016-01-31,60,53.14,13.03,3.4094095,0.8974921
2016-02-01,60,53.14,13.03,1.872752,1.0213287
2016-02-02,60,53.14,13.03,3.9058645,1.2412814
2016-02-03,60,53.14,13.03,3.7390497,0.8996006
2016-02-04,60,53.14,13.03,2.9621842,0.07910681
2016-02-05,60,53.14,13.03,1.4706511,0.76927984
2016-02-06,60,53.14,13.03,0.6440172,2.0144613
2016-02-07,60,53.14,13.03,0.20970187,2.158548
2016-02-08,60,53.14,13.03,1.1777055,2.785787
2016-02-09,60,53.14,13.03,1.4621309,2.6307435
2016-02-10,60,53.14,13.03,2.2798219,1.9584006
2016-02-11,60,53.14,13.03,2.1390362,0.60388786
2016-02-12,60,53.14,13.03,0.88638234,0.65841913
2016-02-13,60,53.14,13.03,-1.1423671,0.52258116
2016-02-14,60,53.14,13.03,-1.8754702,-0.47160593
2016-02-15,60,53.14,13.03,0.12852933,-1.6091427
2016-02-16,60,53.14,13.03,0.35341078,-0.7006325
2016-02-17,60,53.14,13.03,-1.7403616,0.57380885
2016-02-18,60,53.14,13.03,0.2551549,1.0574841
2016-02-19,60,53.14,13.03,0.5007449,0.2693378
2016-02-20,60,53.14,13.03,1.2493204,2.1209154
2016-02-21,60,53.14,13.03,2.1495264,1.0803329
2016-02-22,60,53.14,13.03,3.2199051,0.6540786
2016-02-23,60,53.14,13.03,2.3938355,0.46853784
2016-02-24,60,53.14,13.03,2.4778578,0.29716188
2016-02-25,60,53.14,13.03,1.4330267,0.6339257
2016-02-26,60,53.14,13.03,1.3610339,0.5506113
2016-02-27,60,53.14,13.03,-0.7178326,0.26920986
2016-02-28,60,53.14,13.03,-0.81626177,-0.9977343
2016-02-29,60,53.14,13.03,-1.3977454,-1.4045068
2016-03-01,60,53.14,13.03,-0.09522407,-0.34732708
2016-03-02,60,53.14,13.03,0.8622031,1.9442734
2016-03-03,60,53.14,13.03,-0.32579112,0.8510934
2016-03-04,60,53.14,13.03,-0.199062,1.3078166
2016-03-05,60,53.14,13.03,-1.4849017,1.087416
2016-03-06,60,53.14,13.03,0.8772174,-0.15331179
2016-03-07,60,53.14,13.03,0.698056,0.65481466
2016-03-08,60,53.14,13.03,0.75180656,0.47590086
2016-03-09,60,53.14,13.03,-0.54780394,1.086274
2016-03-10,60,53.14,13.03,-1.3807306,-0.85245323
2016-03-11,60,53.14,13.03,-0.60651636,-1.3087559
2016-03-12,60,53.14,13.03,-0.60637605,-1.33491
2016-03-13,60,53.14,13.03,-0.7677541,-1.1378227
2016-03-14,60,53.14,13.03,0.5425538,-0.7139404
2016-03-15,60,53.14,13.03,-0.94765395,-1.4772205
2016-03-16,60,53.14,13.03,-1.3693309,-0.3903094
2016-03-17,60,53.14,13.03,0.5892287,-0.27736768
2016-03-18,60,53.14,13.03,1.2491592,-0.64011604
2016-03-19,60,53.14,13.03,0.86159855,-0.17234966
2016-03-20,60,53.14,13.03,2.026708,-0.3044713
2016-03-21,60,53.14,13.03,2.1556067,-0.30880538
2016-03-22,60,53.14,13.03,1.5120031,-0.7526378
2016-03-23,60,53.14,13.03,1.0808928,-0.6642724
2016-03-24,60,53.14,13.03,0.6041276,-0.07093011
2016-03-25,60,53.14,13.03,1.1129203,0.9005908
2016-03-26,60,53.14,13.03,0.7754481,0.14025131
2016-03-27,60,53.14,13.03,0.089155585,1.8883812
2016-03-28,60,53.14,13.03,-0.20036396,2.0853791
2016-03-29,60,53.14,13.03,1.7285169,1.0276256
2016-03-30,60,53.14,13.03,1.4687113,0.9994339
2016-03-31,60,53.14,13.03,0.8497999,-0.4013376
2016-04-01,60,53.14,13.03,0.32286295,-1.0029984
2016-04-02,60,53.14,13.03,-0.96797276,1.5049028
2016-04-03,60,53.14,13.03,-0.9303217,1.1531307
2016-04-04,60,53.14,13.03,-0.3170147,0.60050625
2016-04-05,60,53.14,13.03,0.45926052,-0.4413174
2016-04-06,60,53.14,13.03,2.0012102,0.9539189
2016-04-07,60,53.14,13.03,1.8043545,1.5712272
2016-04-08,60,53.14,13.03,1.2431785,0.70119023
2016-04-09,60,53.14,13.03,-0.14708982,-0.32893258
2016-04-10,60,53.14,13.03,-0.9758506,-0.33694172
2016-04-11,60,53.14,13.03,-1.2962708,-0.78013587
2016-04-12,60,53.14,13.03,-1.0209543,-0.14139605
2016-04-13,60,53.14,13.03,-0.107510224,-0.19913208
2016-04-14,60,53.14,13.03,0.43530354,-1.1728691
2016-04-15,60,53.14,13.03,-0.04960634,1.598285
2016-04-16,60,53.14,13.03,0.92904556,1.6418177
2016-04-17,60,53.14,13.03,1.8608611,0.014474338
2016-04-18,60,53.14,13.03,1.8907261,0.29940486
2016-04-19,60,53.14,13.03,2.9432154,-0.3593428
2016-04-20,60,53.14,13.03,1.9364939,-0.84173214
2016-04-21,60,53.14,13.03,1.2701843,-0.5285246
2016-04-22,60,53.14,13.03,1.4488844,-0.8351437
2016-04-23,60,53.14,13.03,1.245548,-0.79700494
2016-04-24,60,53.14,13.03,1.685617,-0.5315178
2016-04-25,60,53.14,13.03,1.6166149,1.0027018
2016-04-26,60,53.14,13.03,0.2934305,1.7446839
2016-04-27,60,53.14,13.03,1.286185,2.276601
2016-04-28,60,53.14,13.03,2.0554347,1.1779407
2016-04-29,60,53.14,13.03,0.05161658,1.938964
2016-04-30,60,53.14,13.03,-0.51517975,0.6274715
2016-05-01,60,53.14,13.03,-0.5058533,-1.2423133
2016-05-02,60,53.14,13.03,-0.87892604,-0.373803
2016-05-03,60,53.14,13.03,0.351747,-0.25727057
2016-05-04,60,53.14,13.03,0.8881164,-1.6231291
2016-05-05,60,53.14,13.03,-0.23943932,-0.7430618
2016-05-06,60,53.14,13.03,-1.3613391,0.32627726
2016-05-07,60,53.14,13.03,-1.6259618,0.7984718
2016-05-08,60,53.14,13.03,-1.8313035,0.37579262
2016-05-09,60,53.14,13.03,-1.8441921,0.08653711
2016-05-10,60,53.14,13.03,-1.6873593,0.5830289
2016-05-11,60,53.14,13.03,-1.7263116,0.17522894
2016-05-12,60,53.14,13.03,-2.0870106,-0.8576342
2016-05-13,60,53.14,13.03,-0.6203124,-1.7952762
2016-05-14,60,53.14,13.03,2.2193696,-1.0323887
2016-05-15,60,53.14,13.03,2.8140402,-0.4920304
2016-05-16,60,53.14,13.03,2.7791746,-0.3935323
2016-05-17,60,53.14,13.03,2.4568748,-0.43978506
2016-05-18,60,53.14,13.03,0.5441968,0.61925066
2016-05-19,60,53.14,13.03,-0.43915513,0.5892077
2016-05-20,60,53.14,13.03,1.4764874,0.5156362
2016-05-21,60,53.14,13.03,0.789682,0.731776
2016-05-22,60,53.14,13.03,-0.94501424,1.6109718
2016-05-23,60,53.14,13.03,0.41437405,-0.4344994
2016-05-24,60,53.14,13.03,1.2716691,-1.2134682
2016-05-25,60,53.14,13.03,1.4319634,-0.63744557
2016-05-26,60,53.14,13.03,0.57225263,-0.4081022
2016-05-27,60,53.14,13.03,0.011937998,-0.59318924
2016-05-28,60,53.14,13.03,-0.83314675,-0.8849665
2016-05-29,60,53.14,13.03,-1.8719496,-0.6742729
2016-05-30,60,53.14,13.03,-2.061953,-0.011782825
2016-05-31,60,53.14,13.03,-1.4514719,-0.09336782
2016-06-01,60,53.14,13.03,-1.1533909,-0.6416575
2016-06-02,60,53.14,13.03,-1.4162865,-0.23759705
2016-06-03,60,53.14,13.03,-1.444825,-0.5125342
2016-06-04,60,53.14,13.03,-0.60971946,-0.68916225
2016-06-05,60,53.14,13.03,-0.5529196,-0.7512747
2016-06-06,60,53.14,13.03,-1.5867763,-0.36057225
2016-06-07,60,53.14,13.03,-0.7980122,0.21895927
2016-06-08,60,53.14,13.03,1.4222991,-0.5985052
2016-06-09,60,53.14,13.03,0.22831973,-0.9194191
2016-06-10,60,53.14,13.03,2.029551,-0.87966365
2016-06-11,60,53.14,13.03,-0.38923824,-1.0320814
2016-06-12,60,53.14,13.03,-1.4424781,-0.40321192
2016-06-13,60,53.14,13.03,-1.3903255,-0.122978255
2016-06-14,60,53.14,13.03,0.06338781,0.8002721
2016-06-15,60,53.14,13.03,0.34062153,0.6961827
2016-06-16,60,53.14,13.03,1.034672,0.8241335
2016-06-17,60,53.14,13.03,0.96621805,-0.5305643
2016-06-18,60,53.14,13.03,1.7462374,0.65703166
2016-06-19,60,53.14,13.03,1.1563957,-0.32192898
2016-06-20,60,53.14,13.03,0.46899617,0.787076
2016-06-21,60,53.14,13.03,1.2799821,0.62911266
2016-06-22,60,53.14,13.03,0.04668863,1.0439024
2016-06-23,60,53.14,13.03,-0.6654502,1.2118603
2016-06-24,60,53.14,13.03,-0.19673494,0.47433466
2016-06-25,60,53.14,13.03,-0.39309976,-0.82549465
2016-06-26,60,53.14,13.03,1.946722,0.5236409
2016-06-27,60,53.14,13.03,1.3020632,0.6042336
2016-06-28,60,53.14,13.03,1.0881902,-0.15790506
2016-06-29,60,53.14,13.03,0.56152654,0.8193663
2016-06-30,60,53.14,13.03,0.5215824,0.8812741
2016-07-01,60,53.14,13.03,0.72592413,1.5269495
2016-07-02,60,53.14,13.03,1.1543863,0.90895
2016-07-03,60,53.14,13.03,1.4476192,0.5750001
2016-07-04,60,53.14,13.03,1.2373292,0.14305298
2016-07-05,60,53.14,13.03,0.749578,1.0834173
2016-07-06,60,53.14,13.03,3.7661088,-0.6783096
2016-07-07,60,53.14,13.03,2.0700984,-0.55539435
2016-07-08,60,53.14,13.03,0.8988433,1.2256304
2016-07-09,60,53.14,13.03,2.7046309,-0.5802635
2016-07-10,60,53.14,13.03,1.180342,1.1019244
2016-07-11,60,53.14,13.03,1.5298723,0.6610965
2016-07-12,60,53.14,13.03,1.3424406,0.60721654
2016-07-13,60,53.14,13.03,0.20490925,-0.6938488
2016-07-14,60,53.14,13.03,1.2352123,-1.6089357
2016-07-15,60,53.14,13.03,2.8236759,-0.97205454
2016-07-16,60,53.14,13.03,1.4136953,0.264795
2016-07-17,60,53.14,13.03,1.0428925,-0.3349443
2016-07-18,60,53.14,13.03,1.7103583,-0.7862625
2016-07-19,60,53.14,13.03,1.099726,-1.0295408
2016-07-20,60,53.14,13.03,-0.84294635,-0.004887346
2016-07-21,60,53.14,13.03,-1.215019,0.4064074
2016-07-22,60,53.14,13.03,-1.5045111,-0.2414608
2016-07-23,60,53.14,13.03,-1.1839488,-0.38288608
2016-07-24,60,53.14,13.03,-0.9711237,-0.016131816
2016-07-25,60,53.14,13.03,-0.080964595,0.03944388
2016-07-26,60,53.14,13.03,0.87141836,-1.1031114
2016-07-27,60,53.14,13.03,-0.80827343,0.10017833
2016-07-28,60,53.14,13.03,0.95302117,0.09390002
2016-07-29,60,53.14,13.03,0.898684,0.7833525
2016-07-30,60,53.14,13.03,1.4856337,0.6820382
2016-07-31,60,53.14,13.03,0.19170752,-0.73794866
2016-08-01,60,53.14,13.03,1.9930267,-0.021312695
2016-08-02,60,53.14,13.03,0.5262348,0.69911945
2016-08-03,60,53.14,13.03,0.27432957,1.6923318
2016-08-04,60,53.14,13.03,1.7514174,1.2295684
2016-08-05,60,53.14,13.03,1.038562,0.18433589
2016-08-06,60,53.14,13.03,2.048148,-0.14857969
2016-08-07,60,53.14,13.03,1.6502981,0.5021247
2016-08-08,60,53.14,13.03,1.7082641,0.86364466
2016-08-09,60,53.14,13.03,1.825578,0.093870856
2016-08-10,60,53.14,13.03,1.7913958,0.08621316
2016-08-11,60,53.14,13.03,1.9768584,0.37851351
2016-08-12,60,53.14,13.03,1.4498237,1.534064
2016-08-13,60,53.14,13.03,2.1161416,0.60286176
2016-08-14,60,53.14,13.03,1.5839787,-0.38574457
2016-08-15,60,53.14,13.03,0.9923763,-0.97985697
2016-08-16,60,53.14,13.03,0.4528839,-1.1243199
2016-08-17,60,53.14,13.03,0.2537488,-0.75704
2016-08-18,60,53.14,13.03,1.1263592,-0.6836667
2016-08-19,60,53.14,13.03,0.19925696,-0.106384
2016-08-20,60,53.14,13.03,0.25208253,0.8945683
2016-08-21,60,53.14,13.03,0.9135455,0.77191603
2016-08-22,60,53.14,13.03,1.3796492,0.6236989
2016-08-23,60,53.14,13.03,1.1411912,-0.04909803
2016-08-24,60,53.14,13.03,-0.73982495,0.5653878
2016-08-25,60,53.14,13.03,-1.1695637,1.3911146
2016-08-26,60,53.14,13.03,-0.37550074,1.5313923
2016-08-27,60,53.14,13.03,-0.643054,-1.2848183
2016-08-28,60,53.14,13.03,-0.4327863,0.847432
2016-08-29,60,53.14,13.03,2.1143327,-0.09980293
2016-08-30,60,53.14,13.03,1.5279124,-0.6533782
2016-08-31,60,53.14,13.03,-0.16116188,0.94799304
2016-09-01,60,53.14,13.03,1.1282374,0.09280214
2016-09-02,60,53.14,13.03,0.8994595,0.15527138
2016-09-03,60,53.14,13.03,1.3437524,0.28318512
2016-09-04,60,53.14,13.03,0.9264177,0.8873055
2016-09-05,60,53.14,13.03,0.5680599,-0.72296077
2016-09-06,60,53.14,13.03,-0.6404797,0.004687369
2016-09-07,60,53.14,13.03,-0.34106782,0.8301855
2016-09-08,60,53.14,13.03,-1.0899998,0.80820954
2016-09-09,60,53.14,13.03,0.9598138,-0.345165
2016-09-10,60,53.14,13.03,-0.7207368,-0.07028907
2016-09-11,60,53.14,13.03,-0.15974137,-0.021884099
2016-09-12,60,53.14,13.03,-1.2594256,-0.25950104
2016-09-13,60,53.14,13.03,-1.5098801,0.18866742
2016-09-14,60,53.14,13.03,-1.8534151,0.12811626
2016-09-15,60,53.14,13.03,-1.6320415,0.07948364
2016-09-16,60,53.14,13.03,-0.9564119,-0.22542053
2016-09-17,60,53.14,13.03,-1.4494247,-1.3976268
2016-09-18,60,53.14,13.03,-1.7876256,-1.2672226
2016-09-19,60,53.14,13.03,-1.0575163,-1.1341087
2016-09-20,60,53.14,13.03,0.05827938,-0.7616992
2016-09-21,60,53.14,13.03,-0.5831928,-0.66734266
2016-09-22,60,53.14,13.03,-0.7461165,0.4095248
2016-09-23,60,53.14,13.03,0.6955054,0.569532
2016-09-24,60,53.14,13.03,0.6687091,-0.047900587
2016-09-25,60,53.14,13.03,-0.9886622,1.0475888
2016-09-26,60,53.14,13.03,-0.82748514,0.53956795
2016-09-27,60,53.14,13.03,-0.54600424,0.8794987
2016-09-28,60,53.14,13.03,2.380032,1.1633953
2016-09-29,60,53.14,13.03,2.2519426,1.5721552
2016-09-30,60,53.14,13.03,1.9787314,0.61998177
2016-10-01,60,53.14,13.03,-0.5141123,0.46699044
2016-10-02,60,53.14,13.03,0.7611705,0.9151933
2016-10-03,60,53.14,13.03,-0.3961574,-0.67992705
2016-10-04,60,53.14,13.03,-1.7755804,-2.2970862
2016-10-05,60,53.14,13.03,-0.945796,-2.752335
2016-10-06,60,53.14,13.03,-1.382997,-2.6710243
2016-10-07,60,53.14,13.03,-1.1284878,-1.2549902
2016-10-08,60,53.14,13.03,-0.14408925,-1.7582741
2016-10-09,60,53.14,13.03,0.8583727,-0.872831
2016-10-10,60,53.14,13.03,0.7197139,-0.16660056
2016-10-11,60,53.14,13.03,-0.9478927,-0.71833336
2016-10-12,60,53.14,13.03,-1.8428978,-0.6128101
2016-10-13,60,53.14,13.03,-2.0060859,-0.12493724
2016-10-14,60,53.14,13.03,-2.7130806,0.7227528
2016-10-15,60,53.14,13.03,-1.9949536,0.48031357
2016-10-16,60,53.14,13.03,-1.1960657,0.45401227
2016-10-17,60,53.14,13.03,-1.4384922,1.0338694
2016-10-18,60,53.14,13.03,-0.24904189,1.0071579
2016-10-19,60,53.14,13.03,0.101428464,0.94957554
2016-10-20,60,53.14,13.03,-1.1697773,0.5544882
2016-10-21,60,53.14,13.03,-1.0705581,0.34164795
2016-10-22,60,53.14,13.03,-0.2848998,0.3382859
2016-10-23,60,53.14,13.03,-0.6257067,0.47595358
2016-10-24,60,53.14,13.03,-1.2223227,-0.5131131
2016-10-25,60,53.14,13.03,0.21426849,-1.020132
2016-10-26,60,53.14,13.03,0.1561415,0.33388653
2016-10-27,60,53.14,13.03,1.2995354,1.1249872
2016-10-28,60,53.14,13.03,2.2598703,0.65380454
2016-10-29,60,53.14,13.03,2.4455297,-1.1727843
2016-10-30,60,53.14,13.03,1.4338832,-1.1479406
2016-10-31,60,53.14,13.03,1.3994612,0.03995032
2016-11-01,60,53.14,13.03,1.90361,0.34843296
2016-11-02,60,53.14,13.03,2.7151499,-0.443969
2016-11-03,60,53.14,13.03,1.3241415,-0.45763534
2016-11-04,60,53.14,13.03,0.8776883,1.7320389
2016-11-05,60,53.14,13.03,0.1367431,1.3449501
2016-11-06,60,53.14,13.03,0.930802,0.5775018
2016-11-07,60,53.14,13.03,-0.30961084,-1.2117984
2016-11-08,60,53.14,13.03,-0.9463163,0.54687166
2016-11-09,60,53.14,13.03,0.14722848,1.1333367
2016-11-10,60,53.14,13.03,-1.5334684,-0.008968083
2016-11-11,60,53.14,13.03,-0.84622526,-0.6063884
2016-11-12,60,53.14,13.03,-0.5821434,0.16297452
2016-11-13,60,53.14,13.03,-0.4710023,0.5330654
2016-11-14,60,53.14,13.03,0.4175933,1.3431894
2016-11-15,60,53.14,13.03,1.2976168,1.6870441
2016-11-16,60,53.14,13.03,1.2954706,0.82616466
2016-11-17,60,53.14,13.03,1.6555483,1.4099154
2016-11-18,60,53.14,13.03,1.3049982,2.4729655
2016-11-19,60,53.14,13.03,0.6241438,1.7421222
2016-11-20,60,53.14,13.03,-0.24691126,2.3761315
2016-11-21,60,53.14,13.03,-0.5917752,1.7937236
2016-11-22,60,53.14,13.03,-0.22271898,1.234841
2016-11-23,60,53.14,13.03,-0.30640078,0.25209183
2016-11-24,60,53.14,13.03,-0.34411517,-1.3207836
2016-11-25,60,53.14,13.03,-0.11619281,-0.45727956
2016-11-26,60,53.14,13.03,1.5551845,0.5956299
2016-11-27,60,53.14,13.03,1.739582,-1.6315439
2016-11-28,60,53.14,13.03,0.34088647,-1.8024733
2016-11-29,60,53.14,13.03,1.7444274,0.20012115
2016-11-30,60,53.14,13.03,2.6416585,0.4912445
2016-12-01,60,53.14,13.03,3.693121,-0.7015685
2016-12-02,60,53.14,13.03,1.9922562,-1.9981279
2016-12-03,60,53.14,13.03,1.0227919,-0.3124069
2016-12-04,60,53.14,13.03,0.9639727,0.32629532
2016-12-05,60,53.14,13.03,0.8509862,0.61184543
2016-12-06,60,53.14,13.03,1.2858508,-0.0982614
2016-12-07,60,53.14,13.03,0.43306315,1.5763906
2016-12-08,60,53.14,13.03,2.579803,1.0181037
2016-12-09,60,53.14,13.03,2.3729,0.4258895
2016-12-10,60,53.14,13.03,2.436212,0.6614098
2016-12-11,60,53.14,13.03,1.7760872,-0.033690453
2016-12-12,60,53.14,13.03,-0.03797041,-0.47162655
2016-12-13,60,53.14,13.03,0.34096563,1.1341223
2016-12-14,60,53.14,13.03,0.59983313,-0.6068536
2016-12-15,60,53.14,13.03,-0.6126889,0.5322651
2016-12-16,60,53.14,13.03,-0.54885584,1.280712
2016-12-17,60,53.14,13.03,0.8344902,0.22435178
2016-12-18,60,53.14,13.03,1.0386317,-0.027650714
2016-12-19,60,53.14,13.03,-0.11640738,0.58263427
2016-12-20,60,53.14,13.03,-0.9888406,0.9543432
2016-12-21,60,53.14,13.03,0.46256262,1.6129714
2016-12-22,60,53.14,13.03,0.81725544,1.3040528
2016-12-23,60,53.14,13.03,1.7399558,1.3728688
2016-12-24,60,53.14,13.03,2.2127688,1.579015
2016-12-25,60,53.14,13.03,3.021337,0.7353725
2016-12-26,60,53.14,13.03,3.5678165,0.57802045
2016-12-27,60,53.14,13.03,3.8380122,-1.4107616
2016-12-28,60,53.14,13.03,1.3398101,-1.709594
2016-12-29,60,53.14,13.03,1.1517124,0.37659356
2016-12-30,60,53.14,13.03,1.1721011,1.0186452
2016-12-31,60,53.14,13.03,1.695161,0.8181323
