date,hybrid,latitude,longitude,co,c5h8,no2,no,so2
2018-06-01,60,39.94,116.3,7.478525e-07,8.0369045e-09,4.9124356e-08,2.8682125e-08,5.649536e-08
2018-06-02,60,39.94,116.3,8.4369975e-07,6.2174683e-09,5.1130257e-08,1.6818975e-08,5.7213636e-08
2018-06-03,60,39.94,116.3,1.1721153e-06,1.7449544e-08,4.646897e-08,7.8779614e-08,8.72192e-08
2018-06-04,60,39.94,116.3,5.1717456e-07,6.394418e-09,4.1952273e-08,1.4193796e-08,3.6617738e-08
2018-06-05,60,39.94,116.3,4.7332665e-07,7.837165e-09,4.328803e-08,9.557937e-09,4.2230763e-08
2018-06-06,60,39.94,116.3,6.89669e-07,1.2093297e-08,4.36083e-08,1.8264185e-08,5.4863776e-08
2018-06-07,60,39.94,116.3,7.4074165e-07,1.2020953e-08,3.477821e-08,3.950143e-08,6.270461e-08
2018-06-08,60,39.94,116.3,7.632237e-07,1.0517936e-08,4.521145e-08,2.7359226e-08,5.2619562e-08
2018-06-09,60,39.94,116.3,8.351462e-07,1.2562011e-08,4.5548404e-08,4.007135e-08,6.371106e-08
2018-06-10,60,39.94,116.3,7.021778e-07,8.7773815e-09,3.5091986e-08,3.211312e-08,5.3797358e-08
2018-06-11,60,39.94,116.3,7.551031e-07,7.769545e-09,4.718578e-08,1.7892939e-08,5.5669663e-08
2018-06-12,60,39.94,116.3,7.2261423e-07,5.011696e-09,4.6591015e-08,6.1571845e-09,4.8031097e-08
2018-06-13,60,39.94,116.3,8.119796e-07,9.631846e-09,4.2476426e-08,3.1670314e-08,6.160806e-08
2018-06-14,60,39.94,116.3,6.696441e-07,6.909592e-09,4.5643763e-08,1.3831612e-08,4.965835e-08
2018-06-15,60,39.94,116.3,5.7431646e-07,4.170765e-09,3.7764593e-08,7.437679e-09,4.377499e-08
2018-06-16,60,39.94,116.3,9.3842624e-07,1.1868027e-08,4.2504762e-08,4.0417937e-08,7.1769946e-08
2018-06-17,60,39.94,116.3,8.737048e-07,9.6064525e-09,4.891431e-08,2.8575425e-08,5.9436587e-08
2018-06-18,60,39.94,116.3,8.953809e-07,1.1417134e-08,5.2735118e-08,3.2082433e-08,6.735608e-08
2018-06-19,60,39.94,116.3,6.798419e-07,1.5489661e-08,4.3714394e-08,2.6477583e-08,5.575087e-08
2018-06-20,60,39.94,116.3,6.803093e-07,1.6345854e-08,4.3547587e-08,3.512866e-08,5.8335e-08
2018-06-21,60,39.94,116.3,7.2256006e-07,8.349507e-09,4.4418773e-08,1.8117648e-08,5.635399e-08
2018-06-22,60,39.94,116.3,8.926565e-07,1.5819703e-08,5.87451e-08,3.9510816e-08,6.932885e-08
2018-06-23,60,39.94,116.3,7.946435e-07,9.9216475e-09,5.6911787e-08,2.0987184e-08,6.360551e-08
2018-06-24,60,39.94,116.3,7.625168e-07,9.488151e-09,4.9512174e-08,1.7086528e-08,6.2827205e-08
2018-06-25,60,39.94,116.3,8.953555e-07,1.3546522e-08,6.165324e-08,2.2253927e-08,6.487102e-08
2018-06-26,60,39.94,116.3,6.27735e-07,8.045639e-09,4.2679712e-08,4.2348187e-09,4.5506074e-08
2018-06-27,60,39.94,116.3,4.3259539e-07,1.0766487e-08,3.6484877e-08,1.5715043e-08,3.8687155e-08
2018-06-28,60,39.94,116.3,4.6906865e-07,1.8554895e-08,3.0195416e-08,3.08732e-08,4.8458958e-08
2018-06-29,60,39.94,116.3,5.5362625e-07,1.4159284e-08,4.185823e-08,2.4257547e-08,5.0179104e-08
2018-06-30,60,39.94,116.3,5.933955e-07,6.3796315e-09,4.0870063e-08,6.7280057e-09,4.85715e-08
2018-07-01,60,39.94,116.3,4.275355e-07,4.2337867e-09,2.8564033e-08,3.5945689e-09,3.5385806e-08
2018-07-02,60,39.94,116.3,4.257745e-07,7.181464e-09,3.7984336e-08,7.018051e-09,4.076797e-08
2018-07-03,60,39.94,116.3,5.923714e-07,1.0446055e-08,4.7610424e-08,2.1812346e-08,5.5646662e-08
2018-07-04,60,39.94,116.3,8.521874e-07,1.36464635e-08,5.2325355e-08,3.6145106e-08,7.689584e-08
2018-07-05,60,39.94,116.3,9.493946e-07,1.2440673e-08,5.6282747e-08,2.7608877e-08,7.2545866e-08
2018-07-06,60,39.94,116.3,5.198699e-07,6.1576637e-09,3.924908e-08,5.314666e-09,4.1448782e-08
2018-07-07,60,39.94,116.3,5.742842e-07,1.426096e-08,5.3420006e-08,2.4388113e-08,5.6886666e-08
2018-07-08,60,39.94,116.3,7.841288e-07,1.3670363e-08,5.227725e-08,3.1617898e-08,6.789364e-08
2018-07-09,60,39.94,116.3,5.4696454e-07,9.316627e-09,4.6179213e-08,1.0744355e-08,4.7502006e-08
2018-07-10,60,39.94,116.3,5.538755e-07,1.0526156e-08,3.987362e-08,2.8768644e-08,5.8059598e-08
2018-07-11,60,39.94,116.3,8.1762005e-07,2.5416693e-08,5.246861e-08,5.5059136e-08,7.209491e-08
2018-07-12,60,39.94,116.3,1.0572512e-06,2.4131577e-08,5.4954253e-08,6.416095e-08,7.957167e-08
2018-07-13,60,39.94,116.3,1.0090679e-06,2.0199515e-08,5.8922392e-08,6.1430406e-08,7.4781106e-08
2018-07-14,60,39.94,116.3,9.056537e-07,1.9168555e-08,5.4338816e-08,4.672133e-08,7.6531e-08
2018-07-15,60,39.94,116.3,7.228918e-07,9.80855e-09,5.7948547e-08,1.3434536e-08,5.2474263e-08
2018-07-16,60,39.94,116.3,6.0946076e-07,8.5520595e-09,4.985046e-08,7.987042e-09,5.3042736e-08
2018-07-17,60,39.94,116.3,7.241744e-07,1.2630972e-08,5.3464596e-08,2.6992923e-08,6.689751e-08
2018-07-18,60,39.94,116.3,7.622487e-07,1.3441218e-08,5.718408e-08,2.4723523e-08,6.5546104e-08
2018-07-19,60,39.94,116.3,8.2170493e-07,1.5410565e-08,6.029077e-08,3.6078696e-08,7.245285e-08
2018-07-20,60,39.94,116.3,7.656476e-07,1.4495055e-08,5.008367e-08,3.5284284e-08,7.238431e-08
2018-07-21,60,39.94,116.3,7.8227094e-07,1.5077415e-08,5.6517575e-08,3.8624815e-08,7.135148e-08
2018-07-22,60,39.94,116.3,9.2391537e-07,2.3724803e-08,5.8300802e-08,5.1003717e-08,7.630378e-08
2018-07-23,60,39.94,116.3,4.1750093e-07,8.89677e-09,3.6013923e-08,8.632447e-09,4.0826436e-08
2018-07-24,60,39.94,116.3,4.636634e-07,1.2581782e-08,4.315444e-08,1.8154175e-08,4.9231378e-08
2018-07-25,60,39.94,116.3,5.453802e-07,1.7815168e-08,4.776888e-08,2.4435716e-08,5.4736468e-08
2018-07-26,60,39.94,116.3,7.3033334e-07,2.0264888e-08,5.0542262e-08,4.0680447e-08,6.727963e-08
2018-07-27,60,39.94,116.3,9.973918e-07,2.1600966e-08,4.7367568e-08,7.311479e-08,8.316429e-08
2018-07-28,60,39.94,116.3,1.0123096e-06,1.8741861e-08,5.6927597e-08,6.174442e-08,7.92843e-08
2018-07-29,60,39.94,116.3,1.0205697e-06,2.0393378e-08,5.585084e-08,6.461587e-08,8.197054e-08
2018-07-30,60,39.94,116.3,8.915866e-07,1.7247636e-08,5.2209877e-08,4.922955e-08,7.399207e-08
2018-07-31,60,39.94,116.3,9.667026e-07,2.1563356e-08,5.3214965e-08,7.005043e-08,8.151526e-08
2018-08-01,60,39.94,116.3,9.4827783e-07,1.8752987e-08,5.5912896e-08,5.693578e-08,7.612265e-08
2018-08-02,60,39.94,116.3,8.7525024e-07,1.3647505e-08,5.372455e-08,4.3137895e-08,7.50196e-08
2018-08-03,60,39.94,116.3,8.949154e-07,1.6349308e-08,5.8113525e-08,4.717835e-08,7.595705e-08
2018-08-04,60,39.94,116.3,7.888959e-07,1.2463438e-08,5.749481e-08,3.173504e-08,6.588188e-08
2018-08-05,60,39.94,116.3,4.9522896e-07,8.040471e-09,4.4444512e-08,8.917584e-09,4.245463e-08
2018-08-06,60,39.94,116.3,5.5321846e-07,1.0572151e-08,5.437796e-08,1.3899752e-08,4.8177753e-08
2018-08-07,60,39.94,116.3,8.0840516e-07,2.0962458e-08,4.9356604e-08,4.6900094e-08,6.1079675e-08
2018-08-08,60,39.94,116.3,8.74934e-07,2.2092818e-08,4.6487525e-08,6.260611e-08,7.312773e-08
2018-08-09,60,39.94,116.3,1.0373054e-06,2.401956e-08,5.5129064e-08,7.5061685e-08,8.0071835e-08
2018-08-10,60,39.94,116.3,9.786452e-07,1.4081005e-08,5.8977914e-08,5.3559592e-08,7.102911e-08
2018-08-11,60,39.94,116.3,8.142815e-07,1.9350354e-08,5.7033844e-08,2.9733501e-08,5.6826273e-08
2018-08-12,60,39.94,116.3,6.236631e-07,8.588223e-09,5.2218383e-08,4.941046e-09,4.1539483e-08
2018-08-13,60,39.94,116.3,6.2367974e-07,1.19680905e-08,5.1825637e-08,8.5745e-09,5.1254187e-08
2018-08-14,60,39.94,116.3,4.5766794e-07,1.3084194e-08,4.822751e-08,7.6474835e-09,3.9140705e-08
2018-08-15,60,39.94,116.3,3.6851162e-07,1.14131495e-08,3.3114514e-08,6.2476446e-09,3.1385202e-08
2018-08-16,60,39.94,116.3,7.5044284e-07,1.9290772e-08,3.787333e-08,6.4029365e-08,7.22786e-08
2018-08-17,60,39.94,116.3,1.0225662e-06,2.389589e-08,5.6899694e-08,8.4137625e-08,8.4061014e-08
2018-08-18,60,39.94,116.3,7.376746e-07,1.5147718e-08,5.3561617e-08,3.8731663e-08,6.801022e-08
2018-08-19,60,39.94,116.3,4.812438e-07,9.648563e-09,5.017914e-08,1.668244e-08,4.7042445e-08
2018-08-20,60,39.94,116.3,6.937333e-07,1.4853597e-08,4.3974154e-08,4.269823e-08,6.884324e-08
2018-08-21,60,39.94,116.3,9.2690533e-07,2.5031303e-08,3.3441978e-08,8.427074e-08,7.988269e-08
2018-08-22,60,39.94,116.3,1.6391095e-06,4.2868706e-08,4.499108e-08,1.688715e-07,9.819567e-08
2018-08-23,60,39.94,116.3,1.2685396e-06,3.0916187e-08,4.408404e-08,1.1262899e-07,8.476912e-08
2018-08-24,60,39.94,116.3,1.030666e-06,2.6309365e-08,4.4830024e-08,8.895404e-08,8.1463185e-08
2018-08-25,60,39.94,116.3,1.0960118e-06,1.578079e-08,5.6810784e-08,6.197783e-08,6.951393e-08
2018-08-26,60,39.94,116.3,1.2227702e-06,1.3988097e-08,6.561887e-08,5.4249778e-08,8.637524e-08
2018-08-27,60,39.94,116.3,1.0457052e-06,1.04694715e-08,6.014503e-08,5.4309265e-08,8.005037e-08
2018-08-28,60,39.94,116.3,1.2008663e-06,2.0084883e-08,5.0393545e-08,9.490566e-08,9.6151076e-08
2018-08-29,60,39.94,116.3,8.168307e-07,1.5963774e-08,4.614699e-08,5.5943893e-08,7.241927e-08
2018-08-30,60,39.94,116.3,1.3782329e-06,2.786188e-08,5.106512e-08,1.3393033e-07,1.0036726e-07
2018-08-31,60,39.94,116.3,1.1828552e-06,1.6681781e-08,5.0078697e-08,9.32487e-08,8.424166e-08
2018-09-01,60,39.94,116.3,8.165722e-07,4.4029824e-09,5.4706277e-08,2.953623e-08,5.719242e-08
2018-09-02,60,39.94,116.3,1.0040812e-06,1.006148e-08,4.8823527e-08,5.128781e-08,8.346446e-08
2018-09-03,60,39.94,116.3,7.7163224e-07,9.858038e-09,4.108409e-08,5.2411853e-08,5.6515205e-08
2018-09-04,60,39.94,116.3,8.7982323e-07,1.8480936e-08,2.6348044e-08,8.377208e-08,7.8683975e-08
2018-09-05,60,39.94,116.3,7.788081e-07,1.4093608e-08,4.1835904e-08,5.038904e-08,6.288338e-08
2018-09-06,60,39.94,116.3,4.1187127e-07,5.267658e-09,2.740296e-08,1.882143e-08,3.5119566e-08
2018-09-07,60,39.94,116.3,6.770108e-07,1.0940917e-08,2.4966468e-08,6.0394896e-08,6.828925e-08
2018-09-08,60,39.94,116.3,8.5850036e-07,1.2936749e-08,4.2720867e-08,6.684837e-08,7.298528e-08
2018-09-09,60,39.94,116.3,1.1022444e-06,1.1288911e-08,4.7495206e-08,7.927981e-08,8.7632976e-08
2018-09-10,60,39.94,116.3,1.2991273e-06,9.860975e-09,5.5038193e-08,7.8527286e-08,9.008977e-08
2018-09-11,60,39.94,116.3,1.1113286e-06,6.4644543e-09,5.1033105e-08,5.7081007e-08,8.119055e-08
2018-09-12,60,39.94,116.3,1.2747041e-06,7.2728277e-09,6.0556836e-08,6.453635e-08,9.28869e-08
2018-09-13,60,39.94,116.3,1.5699158e-06,8.6329255e-09,7.272999e-08,9.194576e-08,1.030913e-07
2018-09-14,60,39.94,116.3,1.5090745e-06,9.756602e-09,7.1499855e-08,8.775822e-08,9.130992e-08
2018-09-15,60,39.94,116.3,1.0031115e-06,7.5264825e-09,3.0345547e-08,9.4546245e-08,8.824613e-08
2018-09-16,60,39.94,116.3,1.1146992e-06,1.123647e-08,3.6309004e-08,9.438642e-08,9.000392e-08
2018-09-17,60,39.94,116.3,1.0509051e-06,9.602403e-09,5.1902326e-08,7.050229e-08,7.2257514e-08
2018-09-18,60,39.94,116.3,1.3439217e-06,1.0600144e-08,5.9918484e-08,9.3017306e-08,9.899836e-08
2018-09-19,60,39.94,116.3,1.7424073e-06,9.971933e-09,6.378748e-08,1.2172568e-07,1.1634e-07
2018-09-20,60,39.94,116.3,1.4955947e-06,7.0917454e-09,6.962304e-08,7.4361154e-08,8.9418904e-08
2018-09-21,60,39.94,116.3,1.1084298e-06,6.564739e-09,3.7032308e-08,9.197168e-08,9.244966e-08
2018-09-22,60,39.94,116.3,1.0141989e-06,5.250135e-09,3.665511e-08,8.678494e-08,8.2103064e-08
2018-09-23,60,39.94,116.3,6.5165113e-07,4.0538493e-09,2.8358928e-08,4.4879517e-08,6.1203515e-08
2018-09-24,60,39.94,116.3,1.1078897e-06,6.3665206e-09,4.3960075e-08,8.403175e-08,8.831708e-08
2018-09-25,60,39.94,116.3,1.2616094e-06,5.6809175e-09,4.6740436e-08,9.0030696e-08,9.626303e-08
2018-09-26,60,39.94,116.3,1.5014747e-06,5.2649867e-09,5.3534816e-08,1.0324259e-07,1.0431907e-07
2018-09-27,60,39.94,116.3,1.5851077e-06,5.491387e-09,6.1757156e-08,1.0544645e-07,1.0241125e-07
2018-09-28,60,39.94,116.3,1.0933461e-06,5.6530256e-09,3.8002348e-08,7.373399e-08,7.835194e-08
2018-09-29,60,39.94,116.3,6.8321145e-07,3.2745922e-09,3.31933e-08,4.8463615e-08,6.543579e-08
2018-09-30,60,39.94,116.3,4.552034e-07,1.5498358e-09,2.1510752e-08,2.2227486e-08,3.3207364e-08
2018-10-01,60,39.94,116.3,6.3357845e-07,3.20446e-09,2.9987582e-08,4.1887663e-08,6.50621e-08
2018-10-02,60,39.94,116.3,1.1648234e-06,5.141996e-09,4.0707977e-08,9.2657764e-08,9.7187545e-08
2018-10-03,60,39.94,116.3,1.4498083e-06,5.29584e-09,5.4124094e-08,1.2075847e-07,1.0833694e-07
2018-10-04,60,39.94,116.3,1.5653835e-06,3.9700034e-09,6.7182064e-08,8.57621e-08,1.00897736e-07
2018-10-05,60,39.94,116.3,1.777702e-06,4.8169566e-09,6.860565e-08,9.9330585e-08,9.9853274e-08
2018-10-06,60,39.94,116.3,9.2934897e-07,2.4254976e-09,3.3630624e-08,7.780065e-08,8.878469e-08
2018-10-07,60,39.94,116.3,1.1857576e-06,3.2755556e-09,4.300991e-08,9.343734e-08,8.794378e-08
2018-10-08,60,39.94,116.3,8.5052636e-07,2.3976228e-09,2.2849784e-08,5.951771e-08,5.949167e-08
2018-10-09,60,39.94,116.3,5.749489e-07,1.0122522e-09,2.6744535e-08,3.8084945e-08,6.071427e-08
2018-10-10,60,39.94,116.3,9.696142e-07,1.9115136e-09,3.6857212e-08,7.2137524e-08,8.325208e-08
2018-10-11,60,39.94,116.3,1.251869e-06,2.7189715e-09,4.484916e-08,9.9547535e-08,9.910029e-08
2018-10-12,60,39.94,116.3,1.8455765e-06,2.3358884e-09,6.734915e-08,1.2583426e-07,1.0880414e-07
2018-10-13,60,39.94,116.3,2.090357e-06,2.186463e-09,7.602814e-08,1.1353601e-07,1.1934917e-07
2018-10-14,60,39.94,116.3,2.8378347e-06,2.4914322e-09,9.83437e-08,1.7091784e-07,1.3931175e-07
2018-10-15,60,39.94,116.3,2.3108546e-06,1.974014e-09,7.428811e-08,1.0509645e-07,9.9739744e-08
2018-10-16,60,39.94,116.3,1.437118e-06,1.6359926e-09,5.092432e-08,9.000041e-08,1.0814011e-07
2018-10-17,60,39.94,116.3,1.7575094e-06,1.5078814e-09,6.006397e-08,1.27768e-07,1.2229718e-07
2018-10-18,60,39.94,116.3,1.97581e-06,1.6992537e-09,5.7691825e-08,1.4214929e-07,1.200651e-07
2018-10-19,60,39.94,116.3,2.1295705e-06,1.709593e-09,7.293319e-08,1.4665474e-07,1.1836631e-07
2018-10-20,60,39.94,116.3,2.094845e-06,1.4601035e-09,7.882065e-08,1.3281489e-07,1.2063113e-07
2018-10-21,60,39.94,116.3,2.5665606e-06,1.867646e-09,1.0265721e-07,1.7712807e-07,1.3437045e-07
2018-10-22,60,39.94,116.3,1.7485166e-06,1.1693821e-09,5.727515e-08,1.1964843e-07,9.426279e-08
2018-10-23,60,39.94,116.3,1.06989e-06,9.670202e-10,3.9262805e-08,7.821895e-08,9.794113e-08
2018-10-24,60,39.94,116.3,2.071976e-06,1.237671e-09,8.471201e-08,1.4539962e-07,1.3437025e-07
2018-10-25,60,39.94,116.3,1.7947285e-06,1.2582098e-09,7.116763e-08,1.1241709e-07,8.9454694e-08
2018-10-26,60,39.94,116.3,4.7199288e-07,2.7919075e-10,2.2166622e-08,2.963067e-08,5.2623335e-08
2018-10-27,60,39.94,116.3,9.714208e-07,5.512949e-10,3.85853e-08,7.540035e-08,8.486264e-08
2018-10-28,60,39.94,116.3,8.1961247e-07,3.6005918e-10,3.6240007e-08,6.029319e-08,8.470244e-08
2018-10-29,60,39.94,116.3,1.0796109e-06,5.0952204e-10,3.7436674e-08,8.5685606e-08,9.941373e-08
2018-10-30,60,39.94,116.3,1.6331031e-06,8.693911e-10,6.092627e-08,1.2069556e-07,1.110618e-07
2018-10-31,60,39.94,116.3,2.016449e-06,9.514264e-10,6.766565e-08,1.4988032e-07,1.422307e-07
2018-11-01,60,39.94,116.3,2.3973435e-06,9.748325e-10,7.065664e-08,1.6182733e-07,1.3830575e-07
2018-11-02,60,39.94,116.3,2.6009952e-06,8.2660623e-10,8.646704e-08,1.3883127e-07,1.4682975e-07
2018-11-03,60,39.94,116.3,2.616352e-06,8.495987e-10,7.8131265e-08,1.4916331e-07,1.5386878e-07
2018-11-04,60,39.94,116.3,1.3212277e-06,5.9054317e-10,4.2697238e-08,6.707422e-08,9.1233346e-08
2018-11-05,60,39.94,116.3,1.751986e-06,6.4973454e-10,5.776578e-08,1.3210938e-07,1.3563931e-07
2018-11-06,60,39.94,116.3,1.8616337e-06,6.685426e-10,6.2232075e-08,1.4787088e-07,1.4824772e-07
2018-11-07,60,39.94,116.3,2.5725171e-06,6.254377e-10,7.8725144e-08,1.8927494e-07,1.521478e-07
2018-11-08,60,39.94,116.3,2.268509e-06,6.417668e-10,8.854889e-08,1.5653264e-07,1.321069e-07
2018-11-09,60,39.94,116.3,1.2515616e-06,4.2159978e-10,4.852971e-08,9.4660194e-08,1.1029421e-07
2018-11-10,60,39.94,116.3,1.8684639e-06,4.721193e-10,7.998233e-08,1.513955e-07,1.4774898e-07
2018-11-11,60,39.94,116.3,2.163488e-06,4.167798e-10,3.8818133e-08,1.6060245e-07,1.4252177e-07
2018-11-12,60,39.94,116.3,2.5336385e-06,3.3465153e-10,8.101492e-08,1.7631143e-07,1.6779907e-07
2018-11-13,60,39.94,116.3,3.1373206e-06,2.8202152e-10,1.1421847e-07,1.8186996e-07,1.7693715e-07
2018-11-14,60,39.94,116.3,3.2641046e-06,1.9176521e-10,1.13519185e-07,1.5759602e-07,1.9268403e-07
2018-11-15,60,39.94,116.3,9.952552e-07,7.5628045e-11,4.37803e-08,4.937899e-08,6.536639e-08
2018-11-16,60,39.94,116.3,1.3088692e-06,9.118945e-11,4.602002e-08,1.0042446e-07,1.2993677e-07
2018-11-17,60,39.94,116.3,1.5853539e-06,1.2937923e-10,5.67051e-08,1.1823419e-07,1.283987e-07
2018-11-18,60,39.94,116.3,2.0404013e-06,1.4037085e-10,5.783577e-08,1.6833101e-07,1.6284713e-07
2018-11-19,60,39.94,116.3,2.6439732e-06,1.6205763e-10,8.1402376e-08,1.8724532e-07,1.7231744e-07
2018-11-20,60,39.94,116.3,1.5442935e-06,1.0663373e-10,5.1122385e-08,1.054986e-07,1.1775657e-07
2018-11-21,60,39.94,116.3,1.586555e-06,8.5679776e-11,5.838478e-08,1.1506881e-07,1.3775767e-07
2018-11-22,60,39.94,116.3,1.9569588e-06,1.12527584e-10,6.148087e-08,1.426189e-07,1.2355437e-07
2018-11-23,60,39.94,116.3,1.8983237e-06,1.1510652e-10,6.922635e-08,1.2265006e-07,1.479556e-07
2018-11-24,60,39.94,116.3,1.948324e-06,9.3274395e-11,7.616438e-08,1.3003229e-07,1.3467462e-07
2018-11-25,60,39.94,116.3,2.5088057e-06,9.740126e-11,7.608e-08,1.6912824e-07,1.5939965e-07
2018-11-26,60,39.94,116.3,3.9736274e-06,1.3917989e-10,1.3891946e-07,2.5532802e-07,1.5941802e-07
2018-11-27,60,39.94,116.3,1.5675788e-06,8.471837e-11,5.659704e-08,1.232041e-07,1.29318e-07
2018-11-28,60,39.94,116.3,2.1683816e-06,1.1379675e-10,7.155334e-08,1.5706328e-07,1.4384017e-07
2018-11-29,60,39.94,116.3,1.9944175e-06,9.864814e-11,7.305563e-08,1.4814641e-07,1.4002283e-07
2018-11-30,60,39.94,116.3,2.9033745e-06,1.1850693e-10,1.0470137e-07,2.2085999e-07,1.6951981e-07
2018-12-01,60,39.94,116.3,2.5973718e-06,9.2235816e-11,9.414828e-08,1.7835085e-07,1.552723e-07
2018-12-02,60,39.94,116.3,3.043175e-06,1.02004814e-10,1.1010604e-07,1.7794093e-07,1.4135983e-07
2018-12-03,60,39.94,116.3,9.2939797e-07,4.2691354e-11,4.1554927e-08,6.495128e-08,9.1779256e-08
2018-12-04,60,39.94,116.3,1.4799073e-06,4.5926544e-11,5.2577537e-08,1.17753046e-07,1.2105197e-07
2018-12-05,60,39.94,116.3,2.159054e-06,6.787441e-11,7.629541e-08,1.7767191e-07,1.4302e-07
2018-12-06,60,39.94,116.3,2.4630344e-07,7.584396e-12,2.1748981e-08,2.6030975e-09,2.2386747e-08
2018-12-07,60,39.94,116.3,2.606503e-07,5.9761345e-12,1.8453608e-08,6.8932593e-09,2.5483693e-08
2018-12-08,60,39.94,116.3,6.9488533e-07,3.2543537e-11,3.3566554e-08,4.4704514e-08,7.568926e-08
2018-12-09,60,39.94,116.3,1.8396223e-06,4.129902e-11,6.583818e-08,1.3823373e-07,1.3333704e-07
2018-12-10,60,39.94,116.3,2.1689648e-06,5.0509208e-11,8.0287236e-08,1.5013487e-07,1.2905686e-07
2018-12-11,60,39.94,116.3,1.0853315e-06,4.1021218e-11,4.10864e-08,7.7123715e-08,9.965561e-08
2018-12-12,60,39.94,116.3,1.3381202e-06,3.4168064e-11,5.6157287e-08,1.0110731e-07,9.652251e-08
2018-12-13,60,39.94,116.3,1.392905e-06,4.3161377e-11,5.657676e-08,1.10861066e-07,1.1977066e-07
2018-12-14,60,39.94,116.3,2.0296104e-06,2.9210794e-11,6.827398e-08,1.4959555e-07,1.2967013e-07
2018-12-15,60,39.94,116.3,2.7124206e-06,3.890073e-11,1.0873622e-07,2.1688237e-07,1.5193041e-07
2018-12-16,60,39.94,116.3,1.4451023e-06,1.7658977e-11,5.535155e-08,1.09880254e-07,9.515661e-08
2018-12-17,60,39.94,116.3,1.3283567e-06,3.744058e-11,5.145321e-08,1.0201477e-07,1.01784444e-07
2018-12-18,60,39.94,116.3,1.7243583e-06,2.6234858e-11,6.1388455e-08,1.3438716e-07,1.3491706e-07
2018-12-19,60,39.94,116.3,2.552786e-06,3.517512e-11,8.900593e-08,2.0395831e-07,1.5132278e-07
2018-12-20,60,39.94,116.3,2.8671266e-06,3.32655e-11,1.1373233e-07,2.0112942e-07,1.5350038e-07
2018-12-21,60,39.94,116.3,2.0539721e-06,8.7338956e-11,7.859997e-08,1.5080197e-07,1.2959184e-07
2018-12-22,60,39.94,116.3,1.3015845e-06,7.2842336e-11,4.8459725e-08,9.313971e-08,7.885319e-08
2018-12-23,60,39.94,116.3,6.367248e-07,1.1320948e-11,3.184739e-08,3.6663266e-08,6.502024e-08
2018-12-24,60,39.94,116.3,1.8023916e-06,2.4329929e-11,6.4330976e-08,1.3550823e-07,1.3376597e-07
2018-12-25,60,39.94,116.3,1.0228594e-06,1.6088963e-11,4.535402e-08,6.540266e-08,7.588695e-08
2018-12-26,60,39.94,116.3,7.734226e-07,1.6200971e-11,4.3816485e-08,4.3565006e-08,6.789364e-08
2018-12-27,60,39.94,116.3,2.0982881e-07,2.5168294e-12,1.5232523e-08,8.7295826e-10,1.5223971e-08
2018-12-28,60,39.94,116.3,6.4624385e-07,1.0793018e-11,3.2736057e-08,3.8354038e-08,7.014512e-08
2018-12-29,60,39.94,116.3,1.7326779e-06,2.1346924e-11,5.5857743e-08,1.4173435e-07,1.3632722e-07
2018-12-30,60,39.94,116.3,1.8829803e-06,3.2018527e-11,6.1802695e-08,1.4689616e-07,1.3231575e-07
2018-12-31,60,39.94,116.3,2.4324595e-06,3.7177535e-11,7.244628e-08,1.8408659e-07,1.5480447e-07
2019-01-01,60,39.94,116.3,2.3253465e-06,3.2431544e-11,5.2450712e-08,2.0671423e-07,1.63105e-07
2019-01-02,60,39.94,116.3,2.242245e-06,3.0627775e-11,7.2472695e-08,1.84688e-07,1.6358517e-07
2019-01-03,60,39.94,116.3,3.7154837e-06,4.2735076e-11,1.2594836e-07,2.8046762e-07,2.030984e-07
2019-01-04,60,39.94,116.3,1.7686768e-06,2.6476776e-11,6.339378e-08,1.5623188e-07,1.58742e-07
2019-01-05,60,39.94,116.3,1.7329216e-06,3.0642006e-11,7.0666914e-08,1.5365136e-07,1.5990135e-07
2019-01-06,60,39.94,116.3,2.8712757e-06,3.679431e-11,1.0061039e-07,2.3265764e-07,1.9162908e-07
2019-01-07,60,39.94,116.3,1.8608887e-06,2.2720721e-11,6.692835e-08,1.5592943e-07,1.4456471e-07
2019-01-08,60,39.94,116.3,1.1912584e-06,2.3004721e-11,4.472464e-08,1.0131127e-07,1.3127007e-07
2019-01-09,60,39.94,116.3,1.7416761e-06,3.1181748e-11,7.098529e-08,1.1923022e-07,1.3855333e-07
2019-01-10,60,39.94,116.3,2.3405485e-06,3.4582552e-11,8.040308e-08,1.769658e-07,1.9186663e-07
2019-01-11,60,39.94,116.3,3.6143508e-06,4.627021e-11,1.3846085e-07,2.7840986e-07,2.0889154e-07
2019-01-12,60,39.94,116.3,3.8973585e-06,3.7991478e-11,1.2127148e-07,2.885711e-07,1.9989888e-07
2019-01-13,60,39.94,116.3,1.99919e-06,3.7004e-11,9.822583e-08,1.6808612e-07,1.7141613e-07
2019-01-14,60,39.94,116.3,1.8596447e-06,1.6837904e-11,9.071424e-08,1.1334343e-07,8.871664e-08
2019-01-15,60,39.94,116.3,6.419416e-07,1.1348346e-11,3.050571e-08,4.677863e-08,8.041614e-08
2019-01-16,60,39.94,116.3,1.2670657e-06,2.228362e-11,5.429206e-08,9.8503534e-08,1.312787e-07
2019-01-17,60,39.94,116.3,1.753948e-06,3.13131e-11,8.1109114e-08,1.499201e-07,1.7086795e-07
2019-01-18,60,39.94,116.3,2.2922136e-06,2.9719123e-11,7.545499e-08,1.8852683e-07,1.4374545e-07
2019-01-19,60,39.94,116.3,8.1208555e-07,1.9015754e-11,4.573347e-08,5.8503492e-08,8.650601e-08
2019-01-20,60,39.94,116.3,5.3987003e-07,1.7234431e-11,3.502598e-08,2.9912403e-08,6.8566436e-08
2019-01-21,60,39.94,116.3,1.0719793e-06,3.0984586e-11,4.216323e-08,8.55578e-08,1.2363863e-07
2019-01-22,60,39.94,116.3,1.6622089e-06,4.0640828e-11,6.405403e-08,1.4588426e-07,1.6605115e-07
2019-01-23,60,39.94,116.3,1.4129655e-06,4.4823766e-11,5.711697e-08,1.04986746e-07,1.3670662e-07
2019-01-24,60,39.94,116.3,1.5325764e-06,4.0989743e-11,6.6481704e-08,1.0385428e-07,1.2572202e-07
2019-01-25,60,39.94,116.3,1.0338118e-06,2.3742449e-11,4.0967702e-08,8.5917385e-08,1.1362109e-07
2019-01-26,60,39.94,116.3,1.4202777e-06,3.6555307e-11,6.991061e-08,1.0514436e-07,1.2270687e-07
2019-01-27,60,39.94,116.3,1.3102397e-06,3.383825e-11,6.3535836e-08,1.0019493e-07,1.1980686e-07
2019-01-28,60,39.94,116.3,1.4216077e-06,4.009096e-11,6.025486e-08,1.1272852e-07,1.3055629e-07
2019-01-29,60,39.94,116.3,2.6326502e-06,6.443655e-11,9.927918e-08,2.1208314e-07,1.8837665e-07
2019-01-30,60,39.94,116.3,4.4839715e-07,1.4619377e-11,3.0852835e-08,1.8372388e-08,4.2165123e-08
2019-01-31,60,39.94,116.3,6.3239446e-07,2.292452e-11,3.3594922e-08,3.7050082e-08,7.588704e-08
2019-02-01,60,39.94,116.3,1.278969e-06,4.849189e-11,5.3422962e-08,9.751885e-08,1.2745635e-07
2019-02-02,60,39.94,116.3,2.2693137e-06,6.811773e-11,7.243051e-08,1.6193157e-07,1.6690636e-07
2019-02-03,60,39.94,116.3,7.6232067e-07,4.428715e-11,4.1633662e-08,4.8057956e-08,8.702426e-08
2019-02-04,60,39.94,116.3,1.5626283e-06,7.2509124e-11,6.64799e-08,1.0429672e-07,1.3603785e-07
2019-02-05,60,39.94,116.3,1.1930474e-06,5.6532508e-11,5.190823e-08,6.53025e-08,1.01094145e-07
2019-02-06,60,39.94,116.3,5.250479e-07,1.7172748e-11,3.2396677e-08,1.6906112e-08,5.3611075e-08
2019-02-07,60,39.94,116.3,5.872686e-07,2.5405747e-11,3.1724085e-08,3.5522195e-08,6.8066676e-08
2019-02-08,60,39.94,116.3,1.0195267e-06,3.7994066e-11,4.5094065e-08,7.1602216e-08,9.223505e-08
2019-02-09,60,39.94,116.3,1.0091525e-06,4.5949543e-11,4.264411e-08,7.7191835e-08,1.13050234e-07
2019-02-10,60,39.94,116.3,1.6961386e-06,5.6073916e-11,6.6483906e-08,1.3217048e-07,1.2254584e-07
2019-02-11,60,39.94,116.3,1.6114885e-06,6.08993e-11,4.455616e-08,1.292613e-07,1.2899343e-07
2019-02-12,60,39.94,116.3,8.142182e-07,3.7820257e-11,4.808809e-08,4.2236636e-08,8.653078e-08
2019-02-13,60,39.94,116.3,1.3422167e-06,4.8027166e-11,5.215445e-08,9.642237e-08,1.2834089e-07
2019-02-14,60,39.94,116.3,1.200276e-06,3.4141034e-11,4.9388113e-08,9.063256e-08,1.1805994e-07
2019-02-15,60,39.94,116.3,5.340254e-07,2.7481527e-11,3.0647335e-08,2.9059434e-08,5.7246375e-08
2019-02-16,60,39.94,116.3,6.8862147e-07,5.487034e-11,3.897133e-08,4.4987463e-08,8.234968e-08
2019-02-17,60,39.94,116.3,1.1927347e-06,1.0699493e-10,4.4912763e-08,9.6821e-08,1.2137777e-07
2019-02-18,60,39.94,116.3,1.8048851e-06,1.0410568e-10,7.07178e-08,1.2705324e-07,1.2691214e-07
2019-02-19,60,39.94,116.3,1.4599025e-06,1.04825856e-10,4.8858986e-08,1.0155107e-07,1.2155301e-07
2019-02-20,60,39.94,116.3,1.6294646e-06,1.6161497e-10,5.247687e-08,1.3457273e-07,1.3675523e-07
2019-02-21,60,39.94,116.3,2.3035266e-06,2.1880221e-10,8.107635e-08,1.6875583e-07,1.4959593e-07
2019-02-22,60,39.94,116.3,3.0453048e-06,2.94915e-10,9.8984536e-08,2.3715386e-07,1.6586503e-07
2019-02-23,60,39.94,116.3,2.7670303e-06,3.254325e-10,5.9876434e-08,1.974045e-07,1.4377561e-07
2019-02-24,60,39.94,116.3,2.0650639e-06,2.4149924e-10,7.249346e-08,1.4707464e-07,1.3288256e-07
2019-02-25,60,39.94,116.3,1.56997e-06,2.3150638e-10,6.093533e-08,1.2230463e-07,1.2929326e-07
2019-02-26,60,39.94,116.3,1.6729738e-06,2.4376698e-10,5.8707304e-08,1.2789621e-07,1.2642963e-07
2019-02-27,60,39.94,116.3,2.0324187e-06,3.1156955e-10,6.4055456e-08,1.5082944e-07,1.3578489e-07
2019-02-28,60,39.94,116.3,2.553606e-06,3.677561e-10,9.6913666e-08,1.7201627e-07,1.3728777e-07
2019-03-01,60,39.94,116.3,2.4334042e-06,2.8827232e-10,8.001009e-08,1.2660503e-07,1.2159502e-07
2019-03-02,60,39.94,116.3,2.1527014e-06,3.161963e-10,7.494696e-08,1.1539809e-07,1.16098114e-07
2019-03-03,60,39.94,116.3,2.2435265e-06,3.5316639e-10,7.8336086e-08,1.3085118e-07,1.2591119e-07
2019-03-04,60,39.94,116.3,2.2328836e-06,3.6937167e-10,5.8554274e-08,1.5497207e-07,1.2642526e-07
2019-03-05,60,39.94,116.3,1.1200524e-06,2.2886439e-10,4.3053724e-08,7.357591e-08,6.0851136e-08
2019-03-06,60,39.94,116.3,1.0233475e-06,2.4382377e-10,3.805302e-08,7.928019e-08,9.565335e-08
2019-03-07,60,39.94,116.3,1.4756579e-06,3.3457356e-10,4.838996e-08,1.1125081e-07,9.9236665e-08
2019-03-08,60,39.94,116.3,1.6738294e-06,2.994751e-10,6.620671e-08,1.0381702e-07,1.0875288e-07
2019-03-09,60,39.94,116.3,2.6916755e-06,5.986504e-10,8.320507e-08,1.9822306e-07,1.4862297e-07
2019-03-10,60,39.94,116.3,2.233119e-06,4.7134546e-10,7.915389e-08,1.4351443e-07,1.09794726e-07
2019-03-11,60,39.94,116.3,5.932742e-07,1.3201071e-10,2.564557e-08,2.7701029e-08,3.8800465e-08
2019-03-12,60,39.94,116.3,7.567618e-07,1.8595059e-10,2.9835288e-08,5.1886886e-08,6.8078094e-08
2019-03-13,60,39.94,116.3,1.1063108e-06,3.4412304e-10,4.0947622e-08,8.58081e-08,9.1237126e-08
2019-03-14,60,39.94,116.3,1.0928458e-06,2.4615576e-10,3.956316e-08,7.225349e-08,6.388626e-08
2019-03-15,60,39.94,116.3,6.383282e-07,2.2402692e-10,3.2138963e-08,3.5106282e-08,6.2977186e-08
2019-03-16,60,39.94,116.3,1.0763058e-06,4.6726184e-10,4.215919e-08,7.8073924e-08,9.444664e-08
2019-03-17,60,39.94,116.3,1.5374111e-06,4.9482785e-10,5.5144426e-08,9.967662e-08,9.2551886e-08
2019-03-18,60,39.94,116.3,1.6978622e-06,6.9424233e-10,7.129984e-08,9.929748e-08,1.0124229e-07
2019-03-19,60,39.94,116.3,1.4709715e-06,6.028606e-10,7.090699e-08,7.292135e-08,8.1165055e-08
2019-03-20,60,39.94,116.3,8.607707e-07,4.2375412e-10,3.5567716e-08,3.0135357e-08,4.831592e-08
2019-03-21,60,39.94,116.3,1.0270514e-06,5.219457e-10,3.570765e-08,8.221192e-08,8.8336414e-08
2019-03-22,60,39.94,116.3,8.3411925e-07,4.0746995e-10,2.9931513e-08,5.587039e-08,3.9579998e-08
2019-03-23,60,39.94,116.3,4.6612047e-07,4.5488469e-10,3.1394137e-08,1.625233e-08,4.528171e-08
2019-03-24,60,39.94,116.3,9.3741147e-07,8.6729635e-10,4.1083812e-08,5.976407e-08,8.2923e-08
2019-03-25,60,39.94,116.3,1.1203847e-06,9.99926e-10,4.522148e-08,7.8942385e-08,8.5741455e-08
2019-03-26,60,39.94,116.3,1.1912458e-06,1.2567444e-09,6.062743e-08,7.0353494e-08,8.9001304e-08
2019-03-27,60,39.94,116.3,1.1317215e-06,9.992467e-10,4.5648328e-08,6.631333e-08,7.291745e-08
2019-03-28,60,39.94,116.3,8.31335e-07,8.026562e-10,4.063824e-08,4.592829e-08,7.161938e-08
2019-03-29,60,39.94,116.3,6.710028e-07,4.676861e-10,2.8393037e-08,3.9263092e-08,3.3661024e-08
2019-03-30,60,39.94,116.3,6.782588e-07,5.691634e-10,3.0993963e-08,4.438678e-08,5.957432e-08
2019-03-31,60,39.94,116.3,1.129307e-06,1.3094116e-09,4.1173617e-08,8.802868e-08,8.696648e-08
2019-04-01,60,39.94,116.3,7.856244e-07,1.0888079e-09,3.9798252e-08,4.4878927e-08,6.266101e-08
2019-04-02,60,39.94,116.3,9.128475e-07,1.3592578e-09,4.5874675e-08,5.086064e-08,7.204614e-08
2019-04-03,60,39.94,116.3,1.1349468e-06,1.4020496e-09,6.412938e-08,5.183084e-08,7.2383344e-08
2019-04-04,60,39.94,116.3,7.757357e-07,1.2344e-09,5.4113414e-08,3.527404e-08,5.648436e-08
2019-04-05,60,39.94,116.3,6.880826e-07,1.0181173e-09,4.2288082e-08,2.7364337e-08,5.2447486e-08
2019-04-06,60,39.94,116.3,8.9516635e-07,1.5703522e-09,4.628194e-08,4.4860755e-08,7.185711e-08
2019-04-07,60,39.94,116.3,8.740081e-07,1.2558552e-09,4.9563898e-08,3.6466325e-08,6.296735e-08
2019-04-08,60,39.94,116.3,6.891766e-07,1.1053579e-09,4.307995e-08,3.6631935e-08,6.282457e-08
2019-04-09,60,39.94,116.3,6.776796e-07,1.2880871e-09,3.798096e-08,3.611078e-08,6.1903776e-08
2019-04-10,60,39.94,116.3,8.431409e-07,1.6531186e-09,4.5819235e-08,3.920906e-08,5.7751716e-08
2019-04-11,60,39.94,116.3,7.947552e-07,1.5813129e-09,4.4689337e-08,3.7676923e-08,5.858881e-08
2019-04-12,60,39.94,116.3,9.685049e-07,1.8009696e-09,4.3758238e-08,5.350077e-08,7.059602e-08
2019-04-13,60,39.94,116.3,8.003374e-07,1.2109408e-09,4.2214573e-08,3.8635605e-08,4.5137252e-08
2019-04-14,60,39.94,116.3,5.847229e-07,1.1587584e-09,4.1527056e-08,2.060388e-08,4.731415e-08
2019-04-15,60,39.94,116.3,7.6099786e-07,1.5210111e-09,5.5818592e-08,3.3955384e-08,5.811149e-08
2019-04-16,60,39.94,116.3,9.718459e-07,1.5252213e-09,6.2297445e-08,3.321151e-08,6.696525e-08
2019-04-17,60,39.94,116.3,1.0916294e-06,2.2018183e-09,5.8555674e-08,3.5085158e-08,7.6597246e-08
2019-04-18,60,39.94,116.3,4.0412198e-07,8.8597923e-10,2.650837e-08,1.3136969e-08,3.8403037e-08
2019-04-19,60,39.94,116.3,5.620109e-07,1.36773e-09,3.5029135e-08,2.337623e-08,4.9849657e-08
2019-04-20,60,39.94,116.3,1.2289786e-06,4.826139e-09,5.0909378e-08,7.517648e-08,8.411775e-08
2019-04-21,60,39.94,116.3,1.0707021e-06,3.1326073e-09,4.967138e-08,5.3975686e-08,7.5464484e-08
2019-04-22,60,39.94,116.3,1.0783361e-06,2.069335e-09,5.4214887e-08,3.4883318e-08,6.947797e-08
2019-04-23,60,39.94,116.3,9.510104e-07,2.66188e-09,4.733764e-08,3.7472002e-08,6.631628e-08
2019-04-24,60,39.94,116.3,4.8804134e-07,2.36402e-09,3.0041505e-08,1.4358289e-08,3.113225e-08
2019-04-25,60,39.94,116.3,5.0403634e-07,3.178432e-09,3.615024e-08,1.5222643e-08,4.3740023e-08
2019-04-26,60,39.94,116.3,5.6351126e-07,3.3816834e-09,4.074974e-08,1.2420523e-08,4.5259853e-08
2019-04-27,60,39.94,116.3,9.0626827e-07,5.4149796e-09,5.4145048e-08,4.2683805e-08,7.002337e-08
2019-04-28,60,39.94,116.3,9.229693e-07,4.521448e-09,4.715594e-08,3.6931446e-08,6.6214305e-08
2019-04-29,60,39.94,116.3,1.104829e-06,5.311371e-09,5.332255e-08,4.3557186e-08,7.432853e-08
2019-04-30,60,39.94,116.3,5.4170215e-07,3.360577e-09,2.9607289e-08,3.2611883e-08,4.950072e-08
2019-05-01,60,39.94,116.3,6.9755754e-07,6.3254824e-09,3.755651e-08,3.427311e-08,5.664314e-08
2019-05-02,60,39.94,116.3,7.424423e-07,5.5160663e-09,4.7083923e-08,3.1829124e-08,5.3162445e-08
2019-05-03,60,39.94,116.3,8.97523e-07,6.371277e-09,5.1877386e-08,3.1679214e-08,6.070073e-08
2019-05-04,60,39.94,116.3,1.153155e-06,5.926409e-09,5.7244417e-08,5.1752266e-08,8.345814e-08
2019-05-05,60,39.94,116.3,6.793845e-07,3.4640935e-09,3.0029103e-08,5.0017018e-08,5.7807622e-08
2019-05-06,60,39.94,116.3,5.9558545e-07,5.110793e-09,4.1083887e-08,2.3659947e-08,4.4945182e-08
2019-05-07,60,39.94,116.3,5.848492e-07,5.564669e-09,4.346572e-08,1.715638e-08,4.4324107e-08
2019-05-08,60,39.94,116.3,7.824402e-07,8.539244e-09,4.8234586e-08,3.6125975e-08,6.440351e-08
2019-05-09,60,39.94,116.3,7.0739134e-07,6.6732966e-09,4.6642466e-08,2.9355647e-08,5.5530396e-08
2019-05-10,60,39.94,116.3,9.1461385e-07,6.2209806e-09,4.7849717e-08,3.9636316e-08,7.010248e-08
2019-05-11,60,39.94,116.3,9.3899877e-07,5.5985425e-09,5.7643504e-08,2.464563e-08,6.548776e-08
2019-05-12,60,39.94,116.3,5.163854e-07,2.8429183e-09,3.3235168e-08,1.0092315e-08,3.931488e-08
2019-05-13,60,39.94,116.3,4.1746478e-07,3.3406145e-09,3.3779394e-08,1.00161035e-08,3.8063124e-08
2019-05-14,60,39.94,116.3,8.284285e-07,5.512342e-09,5.1261264e-08,2.9145461e-08,6.83181e-08
2019-05-15,60,39.94,116.3,8.9730895e-07,5.650218e-09,5.647004e-08,1.9724615e-08,5.8793905e-08
2019-05-16,60,39.94,116.3,7.945931e-07,6.7724772e-09,4.7837684e-08,2.5641434e-08,5.9338575e-08
2019-05-17,60,39.94,116.3,7.168121e-07,4.335062e-09,4.0737717e-08,1.1146859e-08,4.9706408e-08
2019-05-18,60,39.94,116.3,4.7155413e-07,3.6204604e-09,3.9859927e-08,4.2193364e-09,3.966686e-08
2019-05-19,60,39.94,116.3,2.8846515e-07,2.0594477e-09,1.6732047e-08,5.9784635e-09,1.9180879e-08
2019-05-20,60,39.94,116.3,6.8487554e-07,9.2676675e-09,2.6742597e-08,5.2026046e-08,5.9377232e-08
2019-05-21,60,39.94,116.3,1.0812679e-06,1.7188624e-08,3.4892672e-08,9.631445e-08,7.8412995e-08
2019-05-22,60,39.94,116.3,1.0360577e-06,1.7610786e-08,4.2365606e-08,8.161098e-08,7.263241e-08
2019-05-23,60,39.94,116.3,8.0769917e-07,8.407574e-09,5.8855097e-08,2.9215553e-08,5.7918122e-08
2019-05-24,60,39.94,116.3,7.5038713e-07,6.9466704e-09,5.0863502e-08,2.4899473e-08,5.9621826e-08
2019-05-25,60,39.94,116.3,8.7228176e-07,6.167845e-09,5.374164e-08,2.2359313e-08,6.2685714e-08
2019-05-26,60,39.94,116.3,5.3219225e-07,4.401613e-09,2.4606955e-08,7.902934e-09,2.8786012e-08
2019-05-27,60,39.94,116.3,6.6436314e-07,1.20768355e-08,2.6511218e-08,5.3611885e-08,5.4484104e-08
2019-05-28,60,39.94,116.3,6.734922e-07,1.3361404e-08,4.0256705e-08,3.6780545e-08,5.2802132e-08
2019-05-29,60,39.94,116.3,6.816887e-07,7.442969e-09,5.3257306e-08,1.9710468e-08,4.3959165e-08
2019-05-30,60,39.94,116.3,5.0499546e-07,8.11013e-09,3.4399594e-08,1.8548107e-08,4.172842e-08
2019-05-31,60,39.94,116.3,4.18149e-07,6.728507e-09,4.143485e-08,7.3853594e-09,3.4747654e-08
2019-06-01,60,39.94,116.3,7.966506e-07,1.3055187e-08,5.7510356e-08,2.556568e-08,5.6761245e-08
2019-06-02,60,39.94,116.3,8.842892e-07,1.1737551e-08,5.319357e-08,1.8543208e-08,5.9955376e-08
2019-06-03,60,39.94,116.3,5.923617e-07,7.593941e-09,4.6151268e-08,8.819869e-09,4.1886953e-08
2019-06-04,60,39.94,116.3,6.753583e-07,7.292033e-09,3.940451e-08,9.457163e-09,4.795129e-08
2019-06-05,60,39.94,116.3,7.554193e-07,1.05948805e-08,4.9287443e-08,1.9563066e-08,5.2001287e-08
2019-06-06,60,39.94,116.3,8.2886385e-07,1.0272701e-08,5.139644e-08,3.2131986e-08,5.4184355e-08
2019-06-07,60,39.94,116.3,9.5095214e-07,1.2901158e-08,4.1442494e-08,4.294092e-08,6.196431e-08
2019-06-08,60,39.94,116.3,7.157426e-07,1.3504987e-08,3.7254644e-08,3.775017e-08,4.2231154e-08
2019-06-09,60,39.94,116.3,6.254694e-07,1.5806135e-08,2.6579057e-08,4.579098e-08,5.057793e-08
2019-06-10,60,39.94,116.3,6.976723e-07,1.1828903e-08,4.516311e-08,2.6624999e-08,4.7124058e-08
2019-06-11,60,39.94,116.3,6.81333e-07,5.6168754e-09,3.997822e-08,1.0342754e-08,4.5480572e-08
2019-06-12,60,39.94,116.3,9.787092e-07,1.1080096e-08,4.75435e-08,3.8338797e-08,6.3646546e-08
2019-06-13,60,39.94,116.3,9.493266e-07,1.6510253e-08,5.320981e-08,4.5088285e-08,5.9002858e-08
2019-06-14,60,39.94,116.3,6.7627917e-07,1.05129505e-08,5.131316e-08,1.2706957e-08,4.349087e-08
2019-06-15,60,39.94,116.3,4.985776e-07,4.3961985e-09,3.175661e-08,2.446076e-09,3.1789934e-08
2019-06-16,60,39.94,116.3,5.131724e-07,7.162916e-09,3.570752e-08,1.579646e-08,4.1770612e-08
2019-06-17,60,39.94,116.3,7.7722393e-07,1.0453168e-08,4.8097043e-08,2.8946365e-08,5.5645348e-08
2019-06-18,60,39.94,116.3,7.509422e-07,7.5459905e-09,4.3045645e-08,7.113843e-09,4.329251e-08
2019-06-19,60,39.94,116.3,7.7612424e-07,9.428585e-09,4.316186e-08,1.5659518e-08,4.7846026e-08
2019-06-20,60,39.94,116.3,1.0254868e-06,1.612453e-08,5.7555173e-08,3.7484213e-08,6.3559035e-08
2019-06-21,60,39.94,116.3,1.016449e-06,1.8117447e-08,4.832098e-08,5.8123128e-08,6.409651e-08
2019-06-22,60,39.94,116.3,6.7442335e-07,1.1557051e-08,5.1712227e-08,1.7409505e-08,4.4398835e-08
2019-06-23,60,39.94,116.3,8.3937454e-07,1.5362998e-08,5.7153635e-08,3.2273256e-08,5.8055598e-08
2019-06-24,60,39.94,116.3,7.477355e-07,8.884292e-09,4.7257902e-08,2.17527e-08,5.176413e-08
2019-06-25,60,39.94,116.3,7.6071115e-07,9.302242e-09,5.164421e-08,1.8685114e-08,4.950547e-08
2019-06-26,60,39.94,116.3,6.9428404e-07,7.403953e-09,4.0911935e-08,1.2949145e-08,4.9415526e-08
2019-06-27,60,39.94,116.3,8.4657194e-07,1.2955079e-08,5.5179527e-08,2.7033769e-08,5.8980426e-08
2019-06-28,60,39.94,116.3,6.4926604e-07,1.2080125e-08,5.2236345e-08,1.2690396e-08,4.4869843e-08
2019-06-29,60,39.94,116.3,4.054228e-07,7.316831e-09,2.8740313e-08,6.297027e-09,2.8087815e-08
2019-06-30,60,39.94,116.3,6.1784976e-07,1.735424e-08,2.5424558e-08,4.985269e-08,4.9958437e-08
2019-07-01,60,39.94,116.3,5.0704864e-07,1.4621354e-08,4.0379657e-08,2.0187633e-08,3.923543e-08
2019-07-02,60,39.94,116.3,5.874857e-07,1.4016304e-08,4.1044373e-08,1.38950815e-08,4.278e-08
2019-07-03,60,39.94,116.3,5.39617e-07,1.3778217e-08,4.246527e-08,1.1616422e-08,4.1230365e-08
2019-07-04,60,39.94,116.3,7.1475137e-07,1.04506315e-08,4.9470785e-08,1.21073365e-08,4.7841517e-08
2019-07-05,60,39.94,116.3,6.4225185e-07,9.830907e-09,4.5455828e-08,6.2514753e-09,4.2215884e-08
2019-07-06,60,39.94,116.3,2.9949484e-07,8.490081e-09,2.2754424e-08,1.4287401e-09,1.8423735e-08
2019-07-07,60,39.94,116.3,5.395489e-07,1.5706668e-08,3.600271e-08,2.1086713e-08,4.3884917e-08
2019-07-08,60,39.94,116.3,8.2086126e-07,2.1805416e-08,4.4456645e-08,4.5388006e-08,5.830106e-08
2019-07-09,60,39.94,116.3,9.618851e-07,2.5359332e-08,5.4575526e-08,5.0325255e-08,5.532132e-08
2019-07-10,60,39.94,116.3,7.446246e-07,2.2215046e-08,4.1190617e-08,3.614296e-08,5.226086e-08
2019-07-11,60,39.94,116.3,7.74416e-07,2.2515938e-08,4.821719e-08,3.4195633e-08,5.589658e-08
2019-07-12,60,39.94,116.3,1.0171896e-06,2.8073748e-08,5.520676e-08,6.105969e-08,6.735315e-08
2019-07-13,60,39.94,116.3,8.715775e-07,2.2005578e-08,6.103906e-08,2.7740558e-08,5.478393e-08
2019-07-14,60,39.94,116.3,8.1281524e-07,1.6834266e-08,4.397805e-08,2.529911e-08,5.7122985e-08
2019-07-15,60,39.94,116.3,1.0236889e-06,1.6242995e-08,6.630095e-08,2.2239428e-08,5.5815725e-08
2019-07-16,60,39.94,116.3,9.864278e-07,1.64321e-08,4.955823e-08,3.1509416e-08,6.361231e-08
2019-07-17,60,39.94,116.3,8.284e-07,1.3293316e-08,5.3407394e-08,1.2975661e-08,5.028872e-08
2019-07-18,60,39.94,116.3,9.567384e-07,1.4780706e-08,5.209958e-08,2.0963428e-08,5.438957e-08
2019-07-19,60,39.94,116.3,8.1240876e-07,1.4148225e-08,4.24976e-08,2.9615288e-08,5.5590387e-08
2019-07-20,60,39.94,116.3,8.799874e-07,1.7868306e-08,5.113997e-08,2.802793e-08,5.6322513e-08
2019-07-21,60,39.94,116.3,8.317516e-07,1.8100026e-08,5.632419e-08,1.8870212e-08,5.2732133e-08
2019-07-22,60,39.94,116.3,9.5186937e-07,1.9881606e-08,6.198818e-08,2.0524253e-08,5.3137747e-08
2019-07-23,60,39.94,116.3,8.153321e-07,1.7736408e-08,5.1720548e-08,3.116675e-08,6.0475365e-08
2019-07-24,60,39.94,116.3,9.45035e-07,1.7864746e-08,6.175194e-08,2.5938599e-08,5.995992e-08
2019-07-25,60,39.94,116.3,9.707925e-07,2.2890502e-08,6.013727e-08,3.8250576e-08,6.204712e-08
2019-07-26,60,39.94,116.3,9.792183e-07,1.4165428e-08,5.4706174e-08,2.7779102e-08,6.3134415e-08
2019-07-27,60,39.94,116.3,8.907309e-07,1.5034301e-08,5.5882854e-08,3.0836286e-08,5.6051412e-08
2019-07-28,60,39.94,116.3,8.279869e-07,1.4599626e-08,4.5239485e-08,2.9244923e-08,5.3339917e-08
2019-07-29,60,39.94,116.3,7.4266757e-07,3.3986318e-08,5.24198e-08,3.3170647e-08,5.1814187e-08
2019-07-30,60,39.94,116.3,9.272881e-07,3.0261834e-08,5.398578e-08,4.483158e-08,6.410524e-08
2019-07-31,60,39.94,116.3,1.3134639e-06,3.0210614e-08,6.749521e-08,5.8349336e-08,6.941885e-08
2019-08-01,60,39.94,116.3,1.1130638e-06,1.7756733e-08,6.171341e-08,2.628903e-08,5.5407117e-08
2019-08-02,60,39.94,116.3,9.879611e-07,1.7390667e-08,5.9120904e-08,2.666668e-08,5.8426572e-08
2019-08-03,60,39.94,116.3,9.773618e-07,1.684889e-08,5.5245465e-08,4.1645123e-08,6.007044e-08
2019-08-04,60,39.94,116.3,8.519109e-07,1.7712692e-08,5.2121113e-08,3.365407e-08,5.082959e-08
2019-08-05,60,39.94,116.3,5.9527116e-07,1.2337468e-08,3.865543e-08,2.0023293e-08,4.79072e-08
2019-08-06,60,39.94,116.3,6.5874826e-07,1.2208004e-08,4.7040576e-08,1.7199762e-08,4.7241326e-08
2019-08-07,60,39.94,116.3,9.386082e-07,1.956095e-08,6.101456e-08,4.1263295e-08,6.2260725e-08
2019-08-08,60,39.94,116.3,1.0030789e-06,1.8351928e-08,6.62344e-08,3.8261796e-08,5.695466e-08
2019-08-09,60,39.94,116.3,8.4736905e-07,1.354811e-08,5.497568e-08,2.4525512e-08,5.148382e-08
2019-08-10,60,39.94,116.3,7.054789e-07,1.43176315e-08,5.4544028e-08,1.46287364e-08,4.1893212e-08
2019-08-11,60,39.94,116.3,4.6185312e-07,1.3114094e-08,3.4707114e-08,1.247805e-08,3.5753807e-08
2019-08-12,60,39.94,116.3,2.7205698e-07,6.3067027e-09,1.862806e-08,8.376682e-10,1.5429523e-08
2019-08-13,60,39.94,116.3,8.4718505e-07,2.7504106e-08,2.9331632e-08,7.182103e-08,6.158585e-08
2019-08-14,60,39.94,116.3,1.1270157e-06,3.64184e-08,3.997723e-08,9.959802e-08,6.7854245e-08
2019-08-15,60,39.94,116.3,9.92592e-07,1.7520852e-08,5.4490176e-08,5.242291e-08,5.8225577e-08
2019-08-16,60,39.94,116.3,4.0851003e-07,1.0127739e-08,2.7354297e-08,2.1169976e-08,3.531446e-08
2019-08-17,60,39.94,116.3,8.791699e-07,3.5290736e-08,2.5166521e-08,7.98241e-08,6.3158886e-08
2019-08-18,60,39.94,116.3,1.1484902e-06,3.5558873e-08,4.431385e-08,9.050476e-08,6.0773765e-08
2019-08-19,60,39.94,116.3,9.991198e-07,1.3968118e-08,6.4381304e-08,3.384044e-08,6.164544e-08
2019-08-20,60,39.94,116.3,1.1766027e-06,2.270188e-08,4.8866866e-08,6.4718094e-08,7.614963e-08
2019-08-21,60,39.94,116.3,1.1105502e-06,2.7999413e-08,4.0097078e-08,8.712248e-08,6.604526e-08
2019-08-22,60,39.94,116.3,1.0273553e-06,3.256622e-08,3.5784513e-08,8.491517e-08,6.5619055e-08
2019-08-23,60,39.94,116.3,1.1770051e-06,3.649915e-08,3.26746e-08,1.0703873e-07,7.350341e-08
2019-08-24,60,39.94,116.3,1.0796839e-06,1.8821922e-08,5.1786884e-08,6.151521e-08,6.628482e-08
2019-08-25,60,39.94,116.3,1.0290123e-06,1.2332131e-08,5.7730833e-08,4.109709e-08,6.2149e-08
2019-08-26,60,39.94,116.3,1.5942809e-06,2.8347797e-08,4.6061153e-08,1.0792209e-07,8.6141455e-08
2019-08-27,60,39.94,116.3,8.3033694e-07,1.8533148e-08,3.8673655e-08,5.5118825e-08,5.4302074e-08
2019-08-28,60,39.94,116.3,4.736516e-07,9.252357e-09,2.0652156e-08,2.2757483e-08,3.2031405e-08
2019-08-29,60,39.94,116.3,5.920335e-07,1.41571626e-08,2.6963084e-08,3.7950027e-08,4.6891063e-08
2019-08-30,60,39.94,116.3,7.565545e-07,2.0031656e-08,3.2616402e-08,5.1381843e-08,6.07114e-08
2019-08-31,60,39.94,116.3,9.769282e-07,1.8190326e-08,4.398154e-08,5.888117e-08,6.666748e-08
2019-09-01,60,39.94,116.3,1.1010895e-06,1.5427519e-08,5.2007554e-08,6.301159e-08,7.520514e-08
2019-09-02,60,39.94,116.3,1.3457076e-06,1.735915e-08,4.832437e-08,8.10206e-08,8.132534e-08
2019-09-03,60,39.94,116.3,1.2858511e-06,1.4879983e-08,4.9867907e-08,6.280742e-08,7.80341e-08
2019-09-04,60,39.94,116.3,1.308594e-06,1.4108496e-08,6.8301695e-08,6.515993e-08,8.45948e-08
2019-09-05,60,39.94,116.3,1.4089684e-06,1.3756527e-08,6.374537e-08,6.67688e-08,8.361654e-08
2019-09-06,60,39.94,116.3,1.5304422e-06,1.2345166e-08,7.07382e-08,7.754227e-08,8.993965e-08
2019-09-07,60,39.94,116.3,1.1666284e-06,1.1722623e-08,6.543604e-08,5.020419e-08,6.68981e-08
2019-09-08,60,39.94,116.3,1.30133e-06,1.3543956e-08,6.286416e-08,7.2045616e-08,8.894141e-08
2019-09-09,60,39.94,116.3,9.389067e-07,5.5583844e-09,5.258886e-08,2.79904e-08,5.1488126e-08
2019-09-10,60,39.94,116.3,8.924121e-07,9.9854445e-09,3.880625e-08,5.3050407e-08,7.0361764e-08
2019-09-11,60,39.94,116.3,6.481228e-07,5.783873e-09,4.4145338e-08,2.42328e-08,4.6516263e-08
2019-09-12,60,39.94,116.3,6.5125545e-07,3.5916725e-09,5.0962893e-08,2.2857293e-08,5.492825e-08
2019-09-13,60,39.94,116.3,1.2394319e-06,1.534631e-08,3.38686e-08,1.0852389e-07,9.3625935e-08
2019-09-14,60,39.94,116.3,1.2844455e-06,1.1733897e-08,5.596389e-08,9.731769e-08,8.293719e-08
2019-09-15,60,39.94,116.3,1.3778853e-06,1.0604383e-08,5.380538e-08,9.921706e-08,9.032581e-08
2019-09-16,60,39.94,116.3,9.432227e-07,7.1708945e-09,4.3609376e-08,6.538736e-08,7.933208e-08
2019-09-17,60,39.94,116.3,1.0540915e-06,7.181761e-09,5.5748647e-08,5.6530453e-08,6.4310136e-08
2019-09-18,60,39.94,116.3,7.6395844e-07,7.1502395e-09,3.7751086e-08,4.7559823e-08,6.679535e-08
2019-09-19,60,39.94,116.3,1.3679759e-06,1.065574e-08,4.9155123e-08,9.3640125e-08,9.631856e-08
2019-09-20,60,39.94,116.3,1.924226e-06,1.2329028e-08,5.417352e-08,1.5046298e-07,1.17275164e-07
2019-09-21,60,39.94,116.3,1.7778535e-06,9.216845e-09,6.69169e-08,1.082847e-07,1.0769449e-07
2019-09-22,60,39.94,116.3,1.6884295e-06,8.967264e-09,6.514024e-08,9.49991e-08,1.0104368e-07
2019-09-23,60,39.94,116.3,1.5120343e-06,8.294392e-09,5.274744e-08,9.531147e-08,9.067282e-08
2019-09-24,60,39.94,116.3,1.2561927e-06,7.1664648e-09,4.9891433e-08,8.7562036e-08,9.741491e-08
2019-09-25,60,39.94,116.3,1.743492e-06,8.49566e-09,4.5671086e-08,1.1162269e-07,1.0342363e-07
2019-09-26,60,39.94,116.3,1.6410821e-06,6.6190227e-09,5.705772e-08,1.0637027e-07,1.01167e-07
2019-09-27,60,39.94,116.3,1.5862129e-06,5.7367617e-09,6.13374e-08,9.289031e-08,1.03111915e-07
2019-09-28,60,39.94,116.3,2.0214973e-06,6.902903e-09,7.791953e-08,1.1374204e-07,1.1329476e-07
2019-09-29,60,39.94,116.3,2.1414346e-06,5.8061054e-09,7.709672e-08,1.162854e-07,1.0993969e-07
2019-09-30,60,39.94,116.3,1.8060027e-06,4.130638e-09,8.15349e-08,8.206618e-08,1.03239124e-07
2019-10-01,60,39.94,116.3,1.5068646e-06,3.6650531e-09,6.524829e-08,7.0426196e-08,9.881331e-08
2019-10-02,60,39.94,116.3,1.9543131e-06,5.534288e-09,6.705678e-08,1.12690955e-07,1.207286e-07
2019-10-03,60,39.94,116.3,1.6781098e-06,2.9925862e-09,7.563884e-08,6.8025244e-08,6.866881e-08
2019-10-04,60,39.94,116.3,9.746088e-07,3.0242995e-09,3.8695465e-08,7.3614274e-08,8.987742e-08
2019-10-05,60,39.94,116.3,1.1211001e-06,3.2302085e-09,4.7204093e-08,8.447319e-08,9.168361e-08
2019-10-06,60,39.94,116.3,1.486854e-06,4.6427244e-09,6.027932e-08,1.0499907e-07,8.429882e-08
2019-10-07,60,39.94,116.3,8.3781674e-07,3.0231444e-09,3.185415e-08,5.255212e-08,6.3779765e-08
2019-10-08,60,39.94,116.3,8.6916566e-07,2.8618077e-09,3.4936107e-08,6.1970646e-08,8.150306e-08
2019-10-09,60,39.94,116.3,1.1995554e-06,2.2154407e-09,6.607877e-08,5.1293174e-08,7.5899685e-08
2019-10-10,60,39.94,116.3,1.563542e-06,2.5492064e-09,5.6877845e-08,8.1961986e-08,1.14020736e-07
2019-10-11,60,39.94,116.3,1.1192378e-06,1.7251613e-09,5.5823747e-08,5.3206715e-08,8.6723894e-08
2019-10-12,60,39.94,116.3,1.0972193e-06,1.5976187e-09,4.97623e-08,7.4574764e-08,9.816383e-08
2019-10-13,60,39.94,116.3,8.447932e-07,1.4601327e-09,4.257542e-08,5.6394764e-08,7.2949945e-08
2019-10-14,60,39.94,116.3,1.1294022e-06,1.5925689e-09,3.9228645e-08,8.848695e-08,9.736378e-08
2019-10-15,60,39.94,116.3,1.6758302e-06,1.7130722e-09,6.717473e-08,1.2757815e-07,1.0957908e-07
2019-10-16,60,39.94,116.3,1.925304e-06,1.5800384e-09,7.0426566e-08,1.3523874e-07,1.15484035e-07
2019-10-17,60,39.94,116.3,2.0123337e-06,1.6816084e-09,6.716024e-08,1.5550265e-07,1.3380867e-07
2019-10-18,60,39.94,116.3,1.9321544e-06,1.3514155e-09,6.779971e-08,1.2676867e-07,1.1997432e-07
2019-10-19,60,39.94,116.3,2.4282501e-06,1.3194867e-09,8.615627e-08,1.3176424e-07,1.3379834e-07
2019-10-20,60,39.94,116.3,1.979739e-06,1.5718824e-09,5.532456e-08,1.5531717e-07,1.3053747e-07
2019-10-21,60,39.94,116.3,1.6364842e-06,1.4874882e-09,6.931629e-08,1.3013964e-07,1.2357447e-07
2019-10-22,60,39.94,116.3,2.4444462e-06,1.6062741e-09,8.0674624e-08,1.7157245e-07,1.4280545e-07
2019-10-23,60,39.94,116.3,2.490585e-06,1.3490923e-09,8.57824e-08,1.2963282e-07,1.4198238e-07
2019-10-24,60,39.94,116.3,1.5242289e-06,7.3572853e-10,6.149271e-08,7.9130274e-08,6.283453e-08
2019-10-25,60,39.94,116.3,1.1726329e-06,8.33077e-10,4.08642e-08,1.0141987e-07,1.1436205e-07
2019-10-26,60,39.94,116.3,1.64129e-06,1.071472e-09,5.6746288e-08,1.2603766e-07,1.0910113e-07
2019-10-27,60,39.94,116.3,1.4986225e-06,8.497578e-10,6.381026e-08,9.595017e-08,1.117335e-07
2019-10-28,60,39.94,116.3,1.1578452e-06,6.109207e-10,4.077593e-08,1.005284e-07,1.1318717e-07
2019-10-29,60,39.94,116.3,1.7372062e-06,9.516372e-10,7.958765e-08,1.3441564e-07,1.2696866e-07
2019-10-30,60,39.94,116.3,1.829949e-06,8.821628e-10,6.5620824e-08,1.3329247e-07,1.2311597e-07
2019-10-31,60,39.94,116.3,1.6089804e-06,8.787054e-10,5.738139e-08,1.3119751e-07,1.4170739e-07
2019-11-01,60,39.94,116.3,1.5317569e-06,8.3165336e-10,6.710382e-08,1.1362729e-07,1.2907715e-07
2019-11-02,60,39.94,116.3,1.2040299e-06,8.963028e-10,5.409108e-08,7.161211e-08,8.9504724e-08
2019-11-03,60,39.94,116.3,1.28264e-06,5.581138e-10,4.3860105e-08,9.9439255e-08,1.2546681e-07
2019-11-04,60,39.94,116.3,2.1652486e-06,7.5309475e-10,7.419552e-08,1.6185778e-07,1.5233032e-07
2019-11-05,60,39.94,116.3,1.6982004e-06,6.10998e-10,7.083207e-08,1.2441996e-07,1.348425e-07
2019-11-06,60,39.94,116.3,1.9165905e-06,6.8421663e-10,6.1038754e-08,1.2717264e-07,1.2637747e-07
2019-11-07,60,39.94,116.3,1.1060912e-06,4.5537035e-10,4.8790604e-08,7.557202e-08,1.1331759e-07
2019-11-08,60,39.94,116.3,2.1821375e-06,6.105916e-10,5.3449718e-08,1.772358e-07,1.6543228e-07
2019-11-09,60,39.94,116.3,2.8376485e-06,6.2818917e-10,1.1045324e-07,1.8778461e-07,1.5779769e-07
2019-11-10,60,39.94,116.3,9.309666e-07,1.6431759e-10,3.634334e-08,7.807481e-08,1.0756943e-07
2019-11-11,60,39.94,116.3,1.4915261e-06,2.6431374e-10,5.6872782e-08,1.2047464e-07,1.3170536e-07
2019-11-12,60,39.94,116.3,1.6383324e-06,2.403139e-10,7.070142e-08,1.1252118e-07,1.2132739e-07
2019-11-13,60,39.94,116.3,5.6032275e-07,7.2838166e-11,2.9439963e-08,3.6628666e-08,7.012222e-08
2019-11-14,60,39.94,116.3,1.8806498e-06,1.6765273e-10,6.496018e-08,1.4560666e-07,1.7116669e-07
2019-11-15,60,39.94,116.3,1.7185383e-06,1.2728513e-10,6.9549785e-08,1.1441682e-07,1.3929193e-07
2019-11-16,60,39.94,116.3,1.4421886e-06,1.2174267e-10,5.6987425e-08,9.6488264e-08,1.2150788e-07
2019-11-17,60,39.94,116.3,5.6596707e-07,4.789331e-11,2.9213462e-08,2.555896e-08,4.5784155e-08
2019-11-18,60,39.94,116.3,7.837334e-07,4.2837373e-11,3.0265632e-08,6.52606e-08,9.150029e-08
2019-11-19,60,39.94,116.3,1.7738438e-06,9.6799756e-11,5.7798204e-08,1.5590956e-07,1.4983041e-07
2019-11-20,60,39.94,116.3,2.6039393e-06,1.4227361e-10,9.59651e-08,2.0749917e-07,1.8353671e-07
2019-11-21,60,39.94,116.3,2.952091e-06,1.527391e-10,1.0426266e-07,1.988564e-07,1.9180223e-07
2019-11-22,60,39.94,116.3,3.2120388e-06,1.495776e-10,1.0898495e-07,1.9120459e-07,1.9192579e-07
2019-11-23,60,39.94,116.3,2.3375874e-06,1.2917949e-10,6.668552e-08,1.12944015e-07,1.4849272e-07
2019-11-24,60,39.94,116.3,3.0750445e-07,1.2219032e-11,1.8266404e-08,1.3698784e-08,3.5734544e-08
2019-11-25,60,39.94,116.3,1.4272291e-06,6.728341e-11,5.167032e-08,1.2393681e-07,1.2874307e-07
2019-11-26,60,39.94,116.3,1.5381227e-06,8.1530886e-11,6.153837e-08,1.2270291e-07,1.1707545e-07
2019-11-27,60,39.94,116.3,1.1641399e-06,7.481529e-11,4.4179792e-08,9.5927724e-08,1.2171465e-07
2019-11-28,60,39.94,116.3,2.1220199e-06,9.8534854e-11,8.512109e-08,1.779402e-07,1.6991467e-07
2019-11-29,60,39.94,116.3,2.0019702e-06,7.9180204e-11,6.4149354e-08,1.700635e-07,1.4974871e-07
2019-11-30,60,39.94,116.3,1.6340699e-06,5.6824843e-11,5.6096074e-08,1.2948504e-07,1.14181034e-07
2019-12-01,60,39.94,116.3,6.722784e-07,2.9544183e-11,3.911616e-08,4.444284e-08,6.592226e-08
2019-12-02,60,39.94,116.3,6.8123785e-07,3.4351015e-11,3.8492168e-08,4.467052e-08,8.125683e-08
2019-12-03,60,39.94,116.3,1.4620367e-06,5.337256e-11,5.7142735e-08,1.2765497e-07,1.4058944e-07
2019-12-04,60,39.94,116.3,1.2915511e-06,5.959607e-11,5.5463136e-08,1.0867406e-07,1.13230485e-07
2019-12-05,60,39.94,116.3,1.1077327e-06,4.893394e-11,4.572386e-08,8.626074e-08,1.14839736e-07
2019-12-06,60,39.94,116.3,1.6938924e-06,6.006664e-11,7.209518e-08,1.3775089e-07,1.5292005e-07
2019-12-07,60,39.94,116.3,2.2602098e-06,6.673237e-11,9.538997e-08,1.9492964e-07,1.677063e-07
2019-12-08,60,39.94,116.3,3.1455113e-06,6.679408e-11,1.2162656e-07,2.530262e-07,1.7242981e-07
2019-12-09,60,39.94,116.3,3.092296e-06,6.6909124e-11,1.0600371e-07,2.5672884e-07,1.871327e-07
2019-12-10,60,39.94,116.3,2.213119e-06,5.0870978e-11,8.542317e-08,1.8617689e-07,1.4837796e-07
2019-12-11,60,39.94,116.3,1.4188113e-06,2.5833594e-11,5.0706976e-08,1.2988708e-07,1.3075471e-07
2019-12-12,60,39.94,116.3,2.1858773e-06,4.2281637e-11,8.111469e-08,2.0051633e-07,1.665359e-07
2019-12-13,60,39.94,116.3,1.6576402e-06,2.7728856e-11,5.9413367e-08,1.484627e-07,1.2343122e-07
2019-12-14,60,39.94,116.3,1.7111421e-06,2.5793472e-11,6.3644066e-08,1.494633e-07,1.4700545e-07
2019-12-15,60,39.94,116.3,2.7768508e-06,3.992744e-11,1.00959724e-07,2.5519023e-07,1.6724701e-07
2019-12-16,60,39.94,116.3,1.6068806e-06,1.8619429e-11,6.429345e-08,1.11701176e-07,1.0518063e-07
2019-12-17,60,39.94,116.3,5.827877e-07,8.374898e-12,3.4524334e-08,3.6633228e-08,7.081317e-08
2019-12-18,60,39.94,116.3,1.6291236e-06,2.5102479e-11,7.722914e-08,1.4379478e-07,1.4348072e-07
2019-12-19,60,39.94,116.3,1.2810733e-06,1.7872369e-11,4.9846765e-08,1.1258643e-07,1.3153428e-07
2019-12-20,60,39.94,116.3,2.1545325e-06,2.8481897e-11,8.208438e-08,1.9433185e-07,1.5542504e-07
2019-12-21,60,39.94,116.3,2.300565e-06,3.392394e-11,1.2557355e-07,2.0935818e-07,1.6503996e-07
2019-12-22,60,39.94,116.3,2.1063404e-06,3.1906776e-11,8.518487e-08,1.7707633e-07,1.4502677e-07
2019-12-23,60,39.94,116.3,1.1727392e-06,2.0806828e-11,5.53839e-08,8.505991e-08,1.1607524e-07
2019-12-24,60,39.94,116.3,2.1228568e-06,2.6431012e-11,7.4013315e-08,1.7502319e-07,1.7699325e-07
2019-12-25,60,39.94,116.3,1.9081906e-06,2.2374151e-11,7.858862e-08,1.3971668e-07,1.3375129e-07
2019-12-26,60,39.94,116.3,1.6115889e-06,2.3763342e-11,3.456983e-08,1.4499146e-07,1.329414e-07
2019-12-27,60,39.94,116.3,2.4734138e-06,3.408143e-11,8.803306e-08,2.1603964e-07,1.8107193e-07
2019-12-28,60,39.94,116.3,2.7811293e-06,3.7758678e-11,1.0627956e-07,1.992304e-07,1.7538983e-07
2019-12-29,60,39.94,116.3,1.3731815e-06,1.6489515e-11,7.257277e-08,7.154902e-08,7.704649e-08
2019-12-30,60,39.94,116.3,3.3200018e-07,5.526908e-12,2.326643e-08,1.0095413e-08,3.8849997e-08
2019-12-31,60,39.94,116.3,1.3639495e-06,2.5364901e-11,5.52964e-08,1.144284e-07,1.4581028e-07
