date,hybrid,latitude,longitude,aermr04,aermr05,aermr06,aermr09,aermr10,aermr07,aermr08,aermr01,aermr02,aermr03,aermr11
2018-02-01,60,25.23,55.98,1.3728365e-09,3.3362142e-09,1.2431783e-08,1.7782018e-10,2.3943816e-10,8.174104e-09,5.547956e-09,2.3092165e-11,1.927283e-09,7.890493e-10,2.6896103e-09
2018-02-02,60,25.23,55.98,1.5883407e-09,3.6565397e-09,1.1447044e-08,2.4363322e-10,2.9527725e-10,1.0017373e-08,6.3929297e-09,4.914334e-11,4.1051536e-09,2.0536746e-09,3.5510022e-09
2018-02-03,60,25.23,55.98,1.3742167e-09,2.8361005e-09,6.039224e-09,1.6226577e-10,3.2380568e-10,9.493992e-09,7.2410913e-09,9.928977e-12,8.2625023e-10,2.5043956e-10,2.7093194e-09
2018-02-04,60,25.23,55.98,3.1583247e-09,6.343607e-09,1.5221108e-08,3.627728e-10,4.4056625e-10,1.7705364e-08,1.0570919e-08,1.4947966e-11,1.2228737e-09,1.7593747e-10,5.8717573e-09
2018-02-05,60,25.23,55.98,1.9376452e-09,4.1575046e-09,9.770423e-09,3.9975312e-10,6.3906036e-10,1.6473537e-08,1.0553166e-08,1.8953996e-11,1.5589201e-09,1.9680962e-10,5.4764304e-09
2018-02-06,60,25.23,55.98,1.376281e-09,2.9279612e-09,7.644903e-09,4.2345102e-10,6.0547006e-10,1.8959039e-08,1.2587423e-08,9.667909e-12,7.9315887e-10,1.8465406e-10,7.508406e-09
2018-02-07,60,25.23,55.98,1.4219527e-09,2.932652e-09,8.220561e-09,4.5870852e-10,4.414156e-10,1.8271342e-08,1.0050101e-08,2.903759e-11,2.2113489e-09,6.986286e-11,7.7566495e-09
2018-02-08,60,25.23,55.98,2.4376203e-09,5.1362994e-09,1.2900896e-08,2.9364258e-10,3.755054e-10,1.5176353e-08,8.933572e-09,2.2264189e-11,1.2814654e-09,7.0060686e-11,8.363349e-09
2018-02-09,60,25.23,55.98,5.3732383e-09,1.0691481e-08,2.038507e-08,4.721774e-10,4.9938204e-10,2.1353147e-08,1.0983661e-08,5.2862704e-11,3.9185624e-09,4.425351e-10,1.3700169e-08
2018-02-10,60,25.23,55.98,8.725035e-09,1.7214761e-08,1.9668981e-08,4.1517706e-10,4.3446868e-10,1.5591521e-08,8.4605e-09,2.9361385e-11,2.2833033e-09,4.1383955e-10,7.1211956e-09
2018-02-11,60,25.23,55.98,1.1078393e-08,1.8821162e-08,1.3535605e-08,7.668164e-10,8.135953e-10,2.748275e-08,1.44760355e-08,2.2399962e-11,1.6153155e-09,1.7896208e-10,1.142629e-08
2018-02-12,60,25.23,55.98,7.0421704e-09,1.1060205e-08,1.078513e-08,5.733277e-10,9.434087e-10,2.62541e-08,1.802748e-08,8.071075e-12,5.2251947e-10,4.666998e-11,9.127987e-09
2018-02-13,60,25.23,55.98,1.05353095e-08,1.846772e-08,2.5911675e-08,5.568896e-10,5.9243593e-10,2.1975566e-08,1.261067e-08,2.6965912e-11,1.8532215e-09,2.0607668e-10,8.362577e-09
2018-02-14,60,25.23,55.98,1.1809675e-08,2.3759306e-08,5.001876e-08,3.2121938e-10,4.112363e-10,1.152818e-08,6.3536256e-09,4.304865e-11,3.3367473e-09,5.866211e-10,5.2891105e-09
2018-02-15,60,25.23,55.98,1.0057177e-08,1.7780138e-08,2.7595512e-08,5.272467e-10,7.838864e-10,2.1252987e-08,1.3934741e-08,4.098777e-11,3.1747853e-09,2.7821465e-10,6.32891e-09
2018-02-16,60,25.23,55.98,1.1321948e-08,1.9814566e-08,3.701762e-08,5.7197214e-10,8.311969e-10,2.7234268e-08,1.7979172e-08,2.0785372e-11,1.3858439e-09,1.8698802e-10,8.950063e-09
2018-02-17,60,25.23,55.98,1.2345145e-08,2.3227804e-08,2.6995526e-08,4.797937e-10,7.950872e-10,2.4252014e-08,1.7076975e-08,2.0840418e-11,1.2877801e-09,4.563023e-11,7.0854185e-09
2018-02-18,60,25.23,55.98,9.805404e-09,1.6249372e-08,1.3805676e-08,4.7368764e-10,8.442494e-10,2.4640633e-08,1.8067588e-08,2.2008494e-11,1.2882955e-09,1.890805e-11,6.03619e-09
2018-02-19,60,25.23,55.98,1.2700194e-08,2.2313804e-08,3.6708684e-08,5.0557797e-10,7.004994e-10,2.5490616e-08,1.646747e-08,2.7143694e-11,1.8459093e-09,6.31947e-11,8.055939e-09
2018-02-20,60,25.23,55.98,1.37429605e-08,2.8879677e-08,3.5419987e-08,3.3853456e-10,3.7431014e-10,1.3930008e-08,7.589832e-09,8.538864e-11,6.9755064e-09,7.903878e-10,5.5470974e-09
2018-02-21,60,25.23,55.98,1.50612e-08,2.9488884e-08,2.2120188e-08,3.6677406e-10,4.71319e-10,1.684745e-08,9.9736255e-09,4.272875e-11,3.4840844e-09,2.58565e-10,7.1866224e-09
2018-02-22,60,25.23,55.98,9.003493e-09,1.6469732e-08,2.2204299e-08,3.3411135e-10,4.678667e-10,1.6830581e-08,1.0733057e-08,1.2329343e-11,9.742777e-10,4.806036e-11,7.162502e-09
2018-02-23,60,25.23,55.98,1.2648783e-08,2.4992744e-08,3.4029775e-08,5.2358223e-10,7.8529305e-10,2.1332239e-08,1.3022737e-08,2.6658419e-11,1.8637052e-09,8.297473e-11,7.413241e-09
2018-02-24,60,25.23,55.98,1.2640595e-08,2.5188434e-08,3.8730313e-08,4.3234227e-10,5.8415867e-10,1.7310846e-08,1.0546535e-08,1.8758068e-11,1.3686713e-09,1.10090104e-10,5.520883e-09
2018-02-25,60,25.23,55.98,1.43832395e-08,2.8310328e-08,3.7387856e-08,5.2430627e-10,4.768456e-10,1.9588256e-08,9.9691055e-09,3.3841617e-11,2.482025e-09,1.705794e-10,8.597217e-09
2018-02-26,60,25.23,55.98,4.0118735e-09,8.557156e-09,1.685059e-08,1.9345091e-10,3.1878283e-10,9.567078e-09,6.7202137e-09,8.557224e-12,6.4429717e-10,2.5116454e-11,3.8574886e-09
2018-02-27,60,25.23,55.98,2.5369065e-09,5.5451066e-09,1.4304829e-08,2.0696271e-10,4.6412213e-10,1.3373111e-08,1.0497056e-08,3.736062e-12,2.8525649e-10,8.058507e-11,4.212923e-09
2018-02-28,60,25.23,55.98,6.441945e-09,1.3747304e-08,3.287715e-08,3.711017e-10,2.397742e-10,1.450112e-08,5.2685634e-09,1.3263754e-11,1.0173432e-09,7.964779e-11,5.5114677e-09
2018-03-01,60,25.23,55.98,5.1636118e-09,1.0517025e-08,2.2643814e-08,3.678189e-10,5.7666805e-10,1.7733825e-08,1.09397975e-08,5.941602e-12,4.5066711e-10,1.269883e-10,3.9798493e-09
2018-03-02,60,25.23,55.98,7.0953936e-09,1.2763251e-08,2.2455698e-08,5.79123e-10,8.2988405e-10,2.8008692e-08,1.731751e-08,1.6104323e-11,1.2539028e-09,7.8881325e-11,9.185138e-09
2018-03-03,60,25.23,55.98,3.496709e-09,8.164179e-09,2.9027817e-08,1.7546013e-10,3.5920178e-10,1.0756474e-08,8.193305e-09,3.9288e-11,3.223481e-09,8.3814733e-10,4.642335e-09
2018-03-04,60,25.23,55.98,3.714457e-09,7.893937e-09,1.620539e-08,2.8791164e-10,4.0091727e-10,1.2075254e-08,7.510611e-09,6.7183564e-11,5.5220672e-09,1.2100452e-09,7.3512862e-09
2018-03-05,60,25.23,55.98,1.6129249e-09,3.7955146e-09,1.2873951e-08,1.492875e-10,3.96405e-10,9.704939e-09,8.179584e-09,3.1244144e-12,2.570637e-10,2.9579417e-10,3.4930088e-09
2018-03-06,60,25.23,55.98,2.8076932e-09,5.6989653e-09,1.1025338e-08,3.4824818e-10,6.4735056e-10,1.7229418e-08,1.2396587e-08,2.0891792e-11,1.7089435e-09,1.288185e-10,7.1004465e-09
2018-03-07,60,25.23,55.98,4.0750745e-09,8.446134e-09,2.1265878e-08,3.2407882e-10,6.817793e-10,1.9162753e-08,1.4438015e-08,1.013951e-11,8.23034e-10,4.8837625e-11,7.94963e-09
2018-03-08,60,25.23,55.98,1.1851492e-08,2.3648798e-08,5.0698887e-08,5.834601e-10,9.771901e-10,2.3976943e-08,1.5522993e-08,1.263347e-11,9.903084e-10,4.290903e-10,9.46663e-09
2018-03-09,60,25.23,55.98,1.0063521e-08,2.0071488e-08,3.8891088e-08,3.4842568e-10,7.028951e-10,1.6286261e-08,1.1819423e-08,1.1401701e-11,8.9700647e-10,1.3670894e-10,6.2533445e-09
2018-03-10,60,25.23,55.98,1.148255e-08,2.0325567e-08,3.038357e-08,4.657918e-10,8.1929247e-10,2.2378476e-08,1.615935e-08,1.664814e-11,1.3251908e-09,1.3777071e-10,7.648976e-09
2018-03-11,60,25.23,55.98,1.7711299e-08,3.341377e-08,6.2941325e-08,4.3420345e-10,7.4724377e-10,2.1107859e-08,1.4722552e-08,1.6685585e-11,1.299357e-09,1.5901361e-10,7.1589437e-09
2018-03-12,60,25.23,55.98,1.4755701e-08,2.8882528e-08,5.8003195e-08,3.1648403e-10,4.682077e-10,1.6265844e-08,1.0398706e-08,1.0828738e-11,8.3966034e-10,8.465997e-11,5.844691e-09
2018-03-13,60,25.23,55.98,1.0975476e-08,2.124032e-08,4.6230085e-08,3.2416975e-10,6.2905287e-10,1.5330922e-08,1.0595642e-08,2.0952757e-11,1.6787225e-09,2.692298e-10,4.355335e-09
2018-03-14,60,25.23,55.98,2.7899105e-09,6.587977e-09,2.5001766e-08,2.3250021e-10,4.6658705e-10,8.979191e-09,6.4645436e-09,3.1731364e-11,2.5948614e-09,2.2238142e-10,3.2529026e-09
2018-03-15,60,25.23,55.98,4.0394523e-09,7.3483406e-09,1.0518228e-08,5.0175564e-10,5.7680427e-10,1.8471155e-08,1.0150295e-08,6.963167e-11,5.6815477e-09,2.8310146e-10,7.396086e-09
2018-03-16,60,25.23,55.98,2.7508085e-09,4.8443773e-09,8.140608e-09,2.921136e-10,5.3779464e-10,1.5144648e-08,1.092781e-08,1.1386624e-11,9.2761754e-10,5.8074365e-11,5.0290323e-09
2018-03-17,60,25.23,55.98,1.7937851e-09,3.3629526e-09,8.462229e-09,2.6356722e-10,5.8607785e-10,1.480381e-08,1.1558932e-08,5.8887994e-12,4.8140014e-10,2.1137784e-11,3.8522465e-09
2018-03-18,60,25.23,55.98,9.344517e-09,2.0718826e-08,5.995014e-08,3.2567624e-10,4.7004106e-10,1.5846732e-08,1.0307813e-08,5.6393265e-11,4.6329935e-09,3.8149775e-10,6.2855103e-09
2018-03-19,60,25.23,55.98,2.863013e-09,6.851794e-09,2.2476804e-08,1.4562866e-10,2.443653e-10,6.387302e-09,4.449001e-09,5.509295e-11,4.548602e-09,1.3228904e-09,3.1560765e-09
2018-03-20,60,25.23,55.98,3.4237226e-09,6.9194463e-09,1.3056229e-08,3.5998235e-10,4.6811355e-10,1.5453143e-08,9.4378745e-09,4.2955403e-11,3.5007113e-09,1.0156764e-10,6.869848e-09
2018-03-21,60,25.23,55.98,1.2666278e-09,2.921313e-09,9.987545e-09,1.2175855e-10,3.2662748e-10,7.3312085e-09,6.2903203e-09,7.9156294e-13,6.429416e-11,5.989744e-11,2.958794e-09
2018-03-22,60,25.23,55.98,2.4917606e-09,5.3352753e-09,1.6042828e-08,3.032401e-10,6.010506e-10,1.5758216e-08,1.188249e-08,5.426348e-12,4.4300424e-10,5.966958e-11,8.500223e-09
2018-03-23,60,25.23,55.98,2.9949732e-09,6.1986256e-09,1.3508124e-08,3.3014214e-10,6.03181e-10,1.7642154e-08,1.2760472e-08,9.07712e-12,7.326079e-10,4.0552447e-11,9.515663e-09
2018-03-24,60,25.23,55.98,6.9293464e-09,1.2302399e-08,1.5665767e-08,4.0927037e-10,6.063904e-10,2.0056808e-08,1.253693e-08,4.036146e-11,3.235696e-09,6.687926e-11,9.689318e-09
2018-03-25,60,25.23,55.98,4.057557e-09,7.959483e-09,1.1421648e-08,2.2260954e-10,5.1330395e-10,1.3086574e-08,1.0220691e-08,6.647225e-12,5.3346016e-10,1.1471224e-11,3.3849814e-09
2018-03-26,60,25.23,55.98,4.093254e-09,8.401202e-09,1.7875339e-08,3.3604308e-10,5.6764715e-10,1.6555843e-08,1.1327806e-08,1.4762703e-11,1.1901605e-09,1.8677704e-10,5.91295e-09
2018-03-27,60,25.23,55.98,5.9704526e-09,1.2140739e-08,2.6164171e-08,3.953269e-10,5.531276e-10,1.5406377e-08,9.485714e-09,1.5706015e-11,1.2550732e-09,3.504146e-11,5.9243512e-09
2018-03-28,60,25.23,55.98,4.8660507e-09,9.4870645e-09,1.8470327e-08,6.052807e-10,9.750682e-10,2.4308694e-08,1.6426474e-08,1.6559828e-11,1.3124858e-09,1.7244449e-11,8.881992e-09
2018-03-29,60,25.23,55.98,6.5717303e-09,1.2599844e-08,2.3337046e-08,7.784449e-10,1.0173886e-09,2.8320425e-08,1.7244716e-08,2.3471588e-11,1.8325633e-09,2.2802205e-11,1.0623432e-08
2018-03-30,60,25.23,55.98,5.400371e-09,1.0661641e-08,1.9350592e-08,6.2995764e-10,1.1765232e-09,2.3631104e-08,1.640497e-08,1.3378893e-11,1.0265245e-09,3.320459e-11,8.836506e-09
2018-03-31,60,25.23,55.98,1.36649785e-08,2.5902562e-08,4.7854144e-08,8.376472e-10,8.350547e-10,2.7995267e-08,1.3453455e-08,5.8335115e-11,4.5365343e-09,1.6383593e-10,1.1921358e-08
2018-04-01,60,25.23,55.98,1.326868e-08,2.603961e-08,4.231378e-08,4.839946e-10,3.7165268e-10,1.6638506e-08,6.8443256e-09,1.1964356e-10,9.584721e-09,9.865408e-10,8.582221e-09
2018-04-02,60,25.23,55.98,2.8352722e-09,6.6663097e-09,2.2671422e-08,9.495816e-11,1.9088174e-10,4.5764876e-09,3.4045875e-09,9.395645e-12,7.525769e-10,5.7383348e-11,1.399226e-09
2018-04-03,60,25.23,55.98,6.6358785e-09,1.446153e-08,3.854088e-08,3.4462416e-10,3.816618e-10,1.3337173e-08,7.2674484e-09,6.085749e-11,4.9026525e-09,2.27142e-10,6.0718173e-09
2018-04-04,60,25.23,55.98,9.544309e-09,2.0751251e-08,4.39973e-08,3.808628e-10,4.1338308e-10,1.524005e-08,8.140585e-09,3.4798338e-11,2.758247e-09,5.01827e-11,7.1137154e-09
2018-04-05,60,25.23,55.98,1.6619977e-08,3.320378e-08,5.7853438e-08,5.895715e-10,5.7426536e-10,2.1623933e-08,1.0089838e-08,3.2186143e-11,2.5105782e-09,3.0584195e-11,9.952146e-09
2018-04-06,60,25.23,55.98,1.8158323e-08,3.481104e-08,5.7894628e-08,6.8018235e-10,9.852192e-10,2.4827411e-08,1.4206538e-08,2.2699644e-11,1.7349578e-09,1.9855376e-11,8.622806e-09
2018-04-07,60,25.23,55.98,2.8394135e-08,5.238803e-08,7.479754e-08,1.1347561e-09,1.2265817e-09,3.5303145e-08,1.7154669e-08,2.8745768e-11,2.1626398e-09,1.7708869e-11,1.1513161e-08
2018-04-08,60,25.23,55.98,2.1934461e-08,4.2170196e-08,6.440889e-08,7.830141e-10,5.383582e-10,2.2749628e-08,8.121024e-09,3.3051232e-11,2.2514257e-09,2.947738e-11,1.0765749e-08
2018-04-09,60,25.23,55.98,2.2988235e-08,4.2720263e-08,5.531082e-08,6.843152e-10,5.0282256e-10,2.1656101e-08,8.331087e-09,2.952244e-11,2.1896898e-09,3.9875464e-11,1.1191672e-08
2018-04-10,60,25.23,55.98,1.7632614e-08,3.1521978e-08,4.0618932e-08,6.3983707e-10,6.2427896e-10,2.1655815e-08,1.0577836e-08,2.6441956e-11,1.9545936e-09,3.8229194e-11,1.0269178e-08
2018-04-11,60,25.23,55.98,1.4963721e-08,2.5127672e-08,3.0185493e-08,6.034128e-10,6.445599e-10,2.0797374e-08,1.0832062e-08,2.0624464e-11,1.3513639e-09,8.107346e-11,9.6690425e-09
2018-04-12,60,25.23,55.98,1.206185e-08,2.0835811e-08,2.5172076e-08,5.606494e-10,5.622148e-10,2.1073838e-08,1.0558937e-08,2.1875297e-11,1.4995694e-09,2.439834e-11,8.542368e-09
2018-04-13,60,25.23,55.98,1.0727591e-08,2.1597632e-08,3.6982982e-08,5.059858e-10,4.6247697e-10,1.8190654e-08,8.417705e-09,1.8816457e-11,1.2726695e-09,1.2419712e-11,7.525478e-09
2018-04-14,60,25.23,55.98,1.1323014e-08,2.2918776e-08,4.2219853e-08,5.316349e-10,4.0254314e-10,1.7203108e-08,6.716941e-09,1.588502e-11,1.1049458e-09,1.25530124e-11,7.000671e-09
2018-04-15,60,25.23,55.98,1.1532748e-08,2.3250859e-08,4.9018574e-08,4.7756027e-10,4.2936224e-10,1.44670675e-08,5.7469696e-09,1.8624813e-11,1.3888675e-09,1.6550792e-11,7.694022e-09
2018-04-16,60,25.23,55.98,7.653352e-09,1.509487e-08,2.689861e-08,3.166236e-10,5.3167426e-10,1.29007836e-08,8.490145e-09,6.28817e-12,4.7130005e-10,4.1823593e-12,3.7517314e-09
2018-04-17,60,25.23,55.98,1.9401803e-08,4.0900627e-08,8.53074e-08,3.8232018e-10,5.1658805e-10,1.5129888e-08,8.653195e-09,9.906944e-12,7.0853684e-10,1.4203301e-11,4.741267e-09
2018-04-18,60,25.23,55.98,1.5321415e-08,2.9717782e-08,6.5970305e-08,4.938993e-10,4.742206e-10,1.9229477e-08,9.454929e-09,2.9886295e-11,2.3536773e-09,1.5910186e-10,9.029453e-09
2018-04-19,60,25.23,55.98,6.0145795e-09,1.3210515e-08,3.7711267e-08,9.560206e-10,6.114812e-10,2.1733523e-08,7.2549984e-09,1.0302316e-10,8.361754e-09,1.8247768e-09,9.664821e-09
2018-04-20,60,25.23,55.98,2.2655902e-09,5.2256715e-09,1.6358753e-08,4.2635157e-10,5.535723e-10,1.2383943e-08,7.323935e-09,1.0502117e-11,8.379681e-10,4.440282e-11,4.8409228e-09
2018-04-21,60,25.23,55.98,3.1294838e-09,6.2263923e-09,1.3987828e-08,1.0020943e-09,9.766828e-10,2.5358824e-08,1.25156685e-08,1.386082e-11,1.1118766e-09,1.1542425e-11,7.639277e-09
2018-04-22,60,25.23,55.98,6.4850982e-09,1.2685122e-08,2.137709e-08,1.1438184e-09,1.2104506e-09,3.0989494e-08,1.534685e-08,1.5368004e-11,1.2149757e-09,2.9364938e-11,9.598132e-09
2018-04-23,60,25.23,55.98,1.45138515e-08,2.9602788e-08,6.0660085e-08,1.1089053e-09,9.952118e-10,2.719559e-08,1.1278133e-08,2.498133e-11,1.9679098e-09,8.000899e-11,8.6264285e-09
2018-04-24,60,25.23,55.98,1.3886055e-08,2.815915e-08,5.3451586e-08,5.928688e-10,6.5965194e-10,1.7037504e-08,8.829023e-09,8.092623e-12,6.329441e-10,2.3046022e-11,5.682014e-09
2018-04-25,60,25.23,55.98,1.657895e-08,3.1455958e-08,6.7236485e-08,6.634705e-10,6.2071304e-10,1.9199643e-08,9.460658e-09,3.0674706e-11,2.4267017e-09,7.376041e-11,7.712233e-09
2018-04-26,60,25.23,55.98,1.2219429e-08,2.5038487e-08,5.311378e-08,4.1892498e-10,5.3202837e-10,1.519291e-08,9.03874e-09,1.6645496e-11,1.2959974e-09,1.3267093e-11,6.1611383e-09
2018-04-27,60,25.23,55.98,1.3626275e-08,2.5919874e-08,3.593395e-08,5.013462e-10,5.204026e-10,1.735702e-08,9.162387e-09,1.0530681e-11,8.0692475e-10,9.473347e-12,7.894199e-09
2018-04-28,60,25.23,55.98,1.8137767e-08,3.2046948e-08,3.599617e-08,6.2940975e-10,6.289574e-10,2.2039343e-08,1.1293637e-08,1.4055348e-11,1.0801428e-09,1.3519234e-11,8.650862e-09
2018-04-29,60,25.23,55.98,1.7633027e-08,3.2180758e-08,5.4814155e-08,6.417388e-10,7.763376e-10,2.2494463e-08,1.30231586e-08,1.0666824e-11,8.225965e-10,9.285129e-12,7.1279107e-09
2018-04-30,60,25.23,55.98,1.6528306e-08,2.9968238e-08,5.468188e-08,6.2957506e-10,6.747729e-10,2.039856e-08,1.12035e-08,2.4750344e-11,1.9443835e-09,3.573555e-11,6.2948464e-09
2018-05-01,60,25.23,55.98,1.2794374e-08,2.600025e-08,3.9846583e-08,3.6989678e-10,4.0406828e-10,1.3070791e-08,6.834809e-09,1.7815485e-11,1.4010308e-09,3.2299795e-11,6.826915e-09
2018-05-02,60,25.23,55.98,6.3457533e-09,1.3130543e-08,3.6883062e-08,2.2965053e-10,4.126244e-10,9.900846e-09,6.919687e-09,2.8481474e-11,2.2507707e-09,4.9858357e-11,4.00419e-09
2018-05-03,60,25.23,55.98,1.2101006e-08,2.7426596e-08,7.161639e-08,3.304006e-10,3.6966585e-10,1.1230613e-08,6.359163e-09,1.7830728e-11,1.3689436e-09,3.771013e-11,7.0073303e-09
2018-05-04,60,25.23,55.98,2.3343137e-08,5.087277e-08,1.05007985e-07,3.8814107e-10,2.6843627e-10,1.1928193e-08,4.691991e-09,2.3308782e-11,1.8028502e-09,4.988944e-11,8.872009e-09
2018-05-05,60,25.23,55.98,2.8569012e-08,5.872975e-08,9.279497e-08,5.6448674e-10,3.6435283e-10,1.656827e-08,5.7540377e-09,3.02572e-11,2.3599471e-09,1.1775206e-10,1.2844549e-08
2018-05-06,60,25.23,55.98,1.2232722e-08,2.7737416e-08,7.6204294e-08,2.1378642e-10,2.7362487e-10,7.3516153e-09,4.309623e-09,2.2156886e-11,1.7472089e-09,1.04429465e-10,3.1568186e-09
2018-05-07,60,25.23,55.98,2.5590017e-08,5.123131e-08,5.9199984e-08,4.9684806e-10,5.1973026e-10,1.5376221e-08,7.65534e-09,6.470962e-11,5.1137405e-09,4.58717e-10,6.161568e-09
2018-05-08,60,25.23,55.98,1.830584e-08,3.3599573e-08,3.454479e-08,4.946609e-10,6.687465e-10,1.7386926e-08,1.047462e-08,2.4737249e-11,1.9339832e-09,2.6502679e-11,6.3583485e-09
2018-05-09,60,25.23,55.98,1.8353356e-08,3.1916457e-08,3.4532214e-08,4.673478e-10,6.1120964e-10,1.7326515e-08,9.94391e-09,2.6282053e-11,2.0503685e-09,3.3402708e-11,5.0792073e-09
2018-05-10,60,25.23,55.98,4.073538e-08,8.2868866e-08,1.404034e-07,5.413771e-10,6.317209e-10,1.7381558e-08,8.409291e-09,3.1794567e-11,2.485907e-09,3.024203e-10,7.1041013e-09
2018-05-11,60,25.23,55.98,2.531145e-08,4.866963e-08,6.99649e-08,5.829447e-10,3.481287e-10,1.6456504e-08,5.52261e-09,3.3253036e-11,2.5979912e-09,6.4207514e-11,9.154817e-09
2018-05-12,60,25.23,55.98,2.39192e-08,4.5551218e-08,8.590952e-08,5.438473e-10,6.484905e-10,1.9594745e-08,1.0990923e-08,2.3594477e-11,1.8469173e-09,2.7385665e-11,6.2205654e-09
2018-05-13,60,25.23,55.98,4.155102e-08,8.9954575e-08,2.0266157e-07,4.858978e-10,3.9910591e-10,1.67347e-08,6.397367e-09,2.043666e-11,1.5328316e-09,6.532804e-11,6.9693242e-09
2018-05-14,60,25.23,55.98,4.73039e-08,8.4107214e-08,9.3342926e-08,6.833467e-10,5.420448e-10,2.1615135e-08,8.563084e-09,3.8025066e-11,2.9709353e-09,5.955784e-11,1.1754396e-08
2018-05-15,60,25.23,55.98,2.3826773e-08,4.485819e-08,6.4764905e-08,4.8512006e-10,4.7471965e-10,1.7392889e-08,8.547904e-09,1.892398e-11,1.4676284e-09,3.382747e-11,8.380201e-09
2018-05-16,60,25.23,55.98,1.43486405e-08,2.9818114e-08,4.9418958e-08,4.5245363e-10,3.5727846e-10,1.492085e-08,6.158868e-09,3.5139655e-11,2.7494274e-09,5.0006714e-11,7.937864e-09
2018-05-17,60,25.23,55.98,7.2424275e-09,1.6795108e-08,5.112639e-08,3.24392e-10,4.300595e-10,1.1037232e-08,5.9092553e-09,2.834942e-11,2.2383748e-09,9.577387e-11,7.1629813e-09
2018-05-18,60,25.23,55.98,4.7174535e-09,1.1022184e-08,3.6948236e-08,2.3972208e-10,2.5958488e-10,8.395766e-09,4.125774e-09,2.258218e-11,1.7908997e-09,1.3305772e-10,4.9639945e-09
2018-05-19,60,25.23,55.98,3.2441037e-09,7.4072473e-09,2.0226176e-08,2.705608e-10,5.25511e-10,1.2160894e-08,8.463875e-09,7.0365627e-12,5.560982e-10,1.4075103e-11,5.489368e-09
2018-05-20,60,25.23,55.98,3.4467327e-09,7.4852995e-09,1.8242599e-08,2.8324793e-10,5.1998866e-10,1.2834492e-08,8.619423e-09,5.0920652e-12,4.0197493e-10,1.4045019e-11,5.5275478e-09
2018-05-21,60,25.23,55.98,7.975879e-09,1.5460305e-08,2.6896288e-08,4.3771686e-10,6.801868e-10,1.8680158e-08,1.1423927e-08,6.74702e-12,5.295014e-10,1.32655935e-11,6.760171e-09
2018-05-22,60,25.23,55.98,9.066778e-09,1.9042885e-08,3.5738047e-08,4.2040396e-10,7.190257e-10,1.6172692e-08,9.901857e-09,5.8964374e-12,4.4847803e-10,7.674421e-12,6.088094e-09
2018-05-23,60,25.23,55.98,1.2667108e-08,2.5946294e-08,5.0054172e-08,5.651318e-10,6.920739e-10,1.9072527e-08,9.593087e-09,8.214735e-12,6.273678e-10,4.4356745e-12,8.581241e-09
2018-05-24,60,25.23,55.98,5.7135954e-09,1.2990723e-08,3.3016107e-08,3.1507863e-10,5.2993127e-10,1.2097962e-08,7.632533e-09,7.4568e-12,5.7002286e-10,3.914165e-12,9.622542e-09
2018-05-25,60,25.23,55.98,1.5812395e-08,3.4038898e-08,6.3009814e-08,5.4417804e-10,7.424756e-10,2.0147318e-08,1.1500224e-08,3.0036442e-11,2.3310969e-09,5.712324e-11,1.2266888e-08
2018-05-26,60,25.23,55.98,2.1878519e-08,4.5339636e-08,8.2355044e-08,4.4171758e-10,5.305091e-10,1.6069126e-08,8.806487e-09,1.9404107e-10,1.5403147e-08,3.3873193e-09,7.0894046e-09
2018-05-27,60,25.23,55.98,1.944503e-08,3.927954e-08,6.801211e-08,4.678914e-10,4.777947e-10,1.5531336e-08,7.619385e-09,1.5754963e-10,1.2443832e-08,1.402661e-09,7.945926e-09
2018-05-28,60,25.23,55.98,1.6109853e-08,3.1267994e-08,5.4982245e-08,4.2852474e-10,5.132988e-10,1.5761309e-08,8.543396e-09,8.016658e-11,6.3026824e-09,1.132049e-09,7.0108097e-09
2018-05-29,60,25.23,55.98,1.4013637e-08,2.8574323e-08,4.7336158e-08,6.0510164e-10,6.04512e-10,1.6221614e-08,7.7525915e-09,1.01591666e-10,7.944477e-09,3.3985212e-10,6.1868857e-09
2018-05-30,60,25.23,55.98,1.6846768e-08,3.1843904e-08,4.1330416e-08,9.680983e-10,7.878651e-10,2.3801679e-08,1.0295699e-08,4.619057e-11,3.5720622e-09,3.3546857e-10,8.462834e-09
2018-05-31,60,25.23,55.98,1.24587105e-08,2.502751e-08,4.5950006e-08,5.20878e-10,6.3574845e-10,1.6829192e-08,8.606078e-09,2.0235156e-11,1.5683398e-09,2.746387e-10,9.423645e-09
2018-06-01,60,25.23,55.98,1.4662754e-08,2.939877e-08,4.5062077e-08,4.2318885e-10,4.696632e-10,1.4634745e-08,7.1921655e-09,1.406258e-11,1.0999021e-09,1.3732439e-10,8.2660305e-09
2018-06-02,60,25.23,55.98,1.615209e-08,3.246615e-08,4.0832894e-08,4.2507128e-10,5.31427e-10,1.5713827e-08,8.297379e-09,1.1080354e-11,8.548574e-10,8.5767005e-11,8.4447e-09
2018-06-03,60,25.23,55.98,2.0610583e-08,3.6594386e-08,3.1580797e-08,5.165522e-10,5.725553e-10,1.8480751e-08,9.0592005e-09,2.644964e-11,2.049525e-09,1.4891582e-10,1.0240723e-08
2018-06-04,60,25.23,55.98,2.466569e-08,4.3637417e-08,4.3166168e-08,5.983435e-10,6.2641e-10,2.1514099e-08,1.0122078e-08,3.738753e-11,2.8546514e-09,6.9636796e-11,1.2427005e-08
2018-06-05,60,25.23,55.98,2.4824724e-08,4.4532392e-08,5.161275e-08,5.70748e-10,6.0383315e-10,2.047424e-08,9.697094e-09,2.7918695e-11,2.1190931e-09,5.2537016e-11,1.0862404e-08
2018-06-06,60,25.23,55.98,2.2835065e-08,4.2765112e-08,6.208083e-08,4.5772897e-10,5.774993e-10,1.7306812e-08,9.391312e-09,3.4401513e-11,2.6102183e-09,4.685273e-11,7.935952e-09
2018-06-07,60,25.23,55.98,2.7788507e-08,5.1282104e-08,7.6271526e-08,7.1214007e-10,7.1303463e-10,2.1884945e-08,1.033637e-08,4.7077522e-11,3.5575507e-09,3.7434823e-11,9.000485e-09
2018-06-08,60,25.23,55.98,3.1125317e-08,5.1499363e-08,4.5395552e-08,1.186696e-09,9.957201e-10,3.216963e-08,1.3128013e-08,2.882411e-11,2.2220321e-09,1.9656063e-11,1.7112205e-08
2018-06-09,60,25.23,55.98,2.0710646e-08,3.745383e-08,5.6580586e-08,8.5144725e-10,9.056183e-10,2.392687e-08,1.1696461e-08,1.2314567e-10,9.771352e-09,8.000482e-10,1.2337725e-08
2018-06-10,60,25.23,55.98,2.1185526e-08,4.4036526e-08,6.602034e-08,6.352523e-10,5.550872e-10,1.9034335e-08,7.291902e-09,1.2407893e-10,9.8185415e-09,1.1937294e-09,1.1157212e-08
2018-06-11,60,25.23,55.98,1.4540848e-08,3.2660143e-08,9.456893e-08,4.3741724e-10,3.9783957e-10,1.4144181e-08,5.7234772e-09,8.596283e-11,6.8690444e-09,1.510227e-09,8.16497e-09
2018-06-12,60,25.23,55.98,1.4885076e-08,3.4469508e-08,9.49411e-08,3.896076e-10,3.4597036e-10,1.1812917e-08,4.3515893e-09,9.331301e-11,7.4323028e-09,1.9839828e-09,7.777596e-09
2018-06-13,60,25.23,55.98,1.12047935e-08,2.4883395e-08,5.841559e-08,2.4937885e-10,3.1438613e-10,8.409149e-09,4.3035704e-09,5.386591e-11,4.276724e-09,7.536938e-10,4.6919637e-09
2018-06-14,60,25.23,55.98,1.2844904e-08,2.704499e-08,4.9766513e-08,3.0218833e-10,4.0743653e-10,1.0593949e-08,5.74424e-09,5.3728112e-11,4.2401878e-09,3.3170974e-10,5.436069e-09
2018-06-15,60,25.23,55.98,1.5634146e-08,3.323208e-08,7.375996e-08,3.6614778e-10,4.0190754e-10,1.1989819e-08,5.960505e-09,3.9558263e-11,3.083679e-09,9.1691446e-11,7.1910446e-09
2018-06-16,60,25.23,55.98,1.01515e-08,2.3544544e-08,7.923146e-08,4.315473e-10,4.0167059e-10,1.1848163e-08,5.4999685e-09,1.207354e-10,9.697981e-09,1.8071584e-09,6.4049335e-09
2018-06-17,60,25.23,55.98,1.0505641e-08,2.4865226e-08,7.739584e-08,3.3851477e-10,3.634434e-10,1.0486168e-08,4.752581e-09,9.721452e-11,7.797766e-09,1.6798773e-09,7.259946e-09
2018-06-18,60,25.23,55.98,6.184466e-09,1.24018875e-08,1.5568347e-08,4.745924e-10,7.0748696e-10,1.5627307e-08,8.901599e-09,1.7522787e-11,1.3697338e-09,1.05674164e-10,7.586229e-09
2018-06-19,60,25.23,55.98,1.3609892e-08,2.5614376e-08,3.5826368e-08,1.0945743e-09,9.963139e-10,2.9904175e-08,1.2463283e-08,2.6267228e-11,2.0266167e-09,1.2427165e-10,1.6382284e-08
2018-06-20,60,25.23,55.98,2.1014804e-08,3.603148e-08,3.617143e-08,9.556398e-10,7.451673e-10,2.6898459e-08,1.0638174e-08,4.1535057e-11,3.2208267e-09,6.802295e-11,1.2988378e-08
2018-06-21,60,25.23,55.98,1.3224922e-08,2.5120977e-08,4.7705676e-08,8.625381e-10,6.165826e-10,2.2301963e-08,8.688937e-09,7.179417e-11,5.6206515e-09,7.285474e-11,1.0383491e-08
2018-06-22,60,25.23,55.98,8.314411e-09,1.8741089e-08,5.3199287e-08,4.4673343e-10,3.903537e-10,1.34851765e-08,5.821964e-09,7.4399556e-11,5.8695058e-09,3.7924294e-10,7.541463e-09
2018-06-23,60,25.23,55.98,8.909486e-09,1.9741552e-08,4.909666e-08,3.612748e-10,3.4465142e-10,1.20472e-08,5.53731e-09,5.6882634e-11,4.479772e-09,1.9962995e-10,7.566655e-09
2018-06-24,60,25.23,55.98,1.7032235e-08,3.604815e-08,5.2778258e-08,5.995744e-10,3.6048464e-10,1.7748075e-08,5.6276073e-09,6.4800394e-11,5.039987e-09,1.5031949e-10,1.097488e-08
2018-06-25,60,25.23,55.98,1.510856e-08,3.11143e-08,4.951229e-08,5.813845e-10,3.5466985e-10,1.7296479e-08,5.4201514e-09,4.1510132e-11,3.2266647e-09,6.4769724e-11,1.0696662e-08
2018-06-26,60,25.23,55.98,1.8460646e-08,3.5994038e-08,4.8091586e-08,7.986883e-10,4.4763626e-10,2.4197703e-08,6.988246e-09,3.8905313e-11,3.018612e-09,4.0305762e-11,1.7005723e-08
2018-06-27,60,25.23,55.98,1.4283761e-08,2.7544445e-08,3.986636e-08,5.955081e-10,6.394725e-10,2.035659e-08,8.873401e-09,1.459656e-11,1.1237293e-09,7.865601e-12,1.2691521e-08
2018-06-28,60,25.23,55.98,1.8439959e-08,3.045476e-08,2.5408047e-08,7.941157e-10,8.528245e-10,2.6280473e-08,1.1982553e-08,3.2483273e-11,2.529485e-09,2.2296455e-10,1.4288912e-08
2018-06-29,60,25.23,55.98,2.684057e-08,4.4617604e-08,4.710993e-08,5.2323806e-10,3.6932477e-10,1.6341934e-08,5.4441927e-09,8.933719e-11,7.0500796e-09,9.407625e-10,8.033231e-09
2018-06-30,60,25.23,55.98,3.5764288e-08,6.207669e-08,6.551066e-08,6.497178e-10,7.0890566e-10,1.9955127e-08,8.22529e-09,5.030056e-11,3.874842e-09,1.1651234e-10,8.4203755e-09
2018-07-01,60,25.23,55.98,2.8034448e-08,5.095002e-08,6.4677415e-08,6.219349e-10,7.623795e-10,1.9627805e-08,1.0112162e-08,3.0563028e-11,2.3065927e-09,2.8231707e-11,7.731888e-09
2018-07-02,60,25.23,55.98,1.9913784e-08,3.580888e-08,4.687575e-08,7.236903e-10,5.683335e-10,2.0759117e-08,7.536457e-09,2.2153453e-11,1.7041776e-09,2.1029584e-11,1.2900703e-08
2018-07-03,60,25.23,55.98,1.4521085e-08,2.5325187e-08,2.446327e-08,9.228768e-10,1.046433e-09,2.6736878e-08,1.25405135e-08,2.4972432e-11,1.9429192e-09,2.53264e-11,1.477913e-08
2018-07-04,60,25.23,55.98,1.5396324e-08,2.67852e-08,3.6508606e-08,8.873588e-10,1.0598757e-09,2.4755622e-08,1.2219923e-08,1.31100755e-11,9.935235e-10,4.6604335e-11,1.2384508e-08
2018-07-05,60,25.23,55.98,3.3940708e-08,5.631776e-08,7.119293e-08,6.89825e-10,6.80878e-10,2.0161737e-08,8.711511e-09,7.221783e-11,5.468186e-09,2.1838809e-10,8.964826e-09
2018-07-06,60,25.23,55.98,3.894532e-08,8.3654285e-08,1.3536989e-07,2.1183472e-10,1.8566199e-10,7.2808506e-09,2.8505758e-09,1.5278016e-10,1.163775e-08,9.762993e-10,5.109487e-09
2018-07-07,60,25.23,55.98,4.9019995e-08,9.7964715e-08,1.2512508e-07,3.0400055e-10,3.6302059e-10,1.1472663e-08,5.5813696e-09,7.594811e-11,5.6386975e-09,2.0271819e-10,7.26371e-09
2018-07-08,60,25.23,55.98,4.6850438e-08,8.7973106e-08,1.1562237e-07,4.742917e-10,4.9872106e-10,1.5923682e-08,7.3356596e-09,4.3336102e-11,3.2660337e-09,7.890745e-11,8.592238e-09
2018-07-09,60,25.23,55.98,2.252068e-08,3.5531567e-08,2.4656092e-08,6.925194e-10,7.3637957e-10,2.091779e-08,9.983458e-09,7.5187955e-12,5.714611e-10,7.366445e-11,1.2617682e-08
2018-07-10,60,25.23,55.98,2.8968334e-08,4.139291e-08,3.268853e-08,1.1539001e-09,9.491272e-10,3.2783117e-08,1.2970275e-08,1.2885465e-11,9.884213e-10,8.318931e-11,2.2552637e-08
2018-07-11,60,25.23,55.98,1.506298e-08,2.4204429e-08,2.2502329e-08,5.206461e-10,5.155262e-10,1.5854221e-08,7.014781e-09,1.2438649e-11,9.510687e-10,4.1305685e-11,1.116537e-08
2018-07-12,60,25.23,55.98,1.9799971e-08,3.381726e-08,3.962069e-08,9.489112e-10,6.504303e-10,2.762028e-08,8.850718e-09,2.2457067e-11,1.7276142e-09,9.738006e-11,1.984524e-08
2018-07-13,60,25.23,55.98,1.25143185e-08,2.1236763e-08,2.6576624e-08,7.390046e-10,7.4228734e-10,2.1709466e-08,9.286887e-09,1.5329233e-11,1.1787915e-09,5.790752e-11,1.33112845e-08
2018-07-14,60,25.23,55.98,2.2484336e-08,3.8526707e-08,4.1467246e-08,8.35828e-10,8.4707025e-10,2.289073e-08,1.0298118e-08,4.2928966e-11,3.261109e-09,1.6739547e-10,1.3085602e-08
2018-07-15,60,25.23,55.98,1.4996312e-08,2.6921267e-08,3.7564433e-08,5.4431354e-10,4.579175e-10,1.4585029e-08,6.148344e-09,2.8928138e-11,2.2091875e-09,8.797376e-11,1.0118607e-08
2018-07-16,60,25.23,55.98,1.416213e-08,2.9478425e-08,6.535693e-08,7.3543227e-10,5.0549315e-10,1.9207116e-08,6.815096e-09,7.659359e-11,6.0778387e-09,5.5344573e-10,1.2294903e-08
2018-07-17,60,25.23,55.98,1.0717598e-08,2.4520286e-08,6.2351965e-08,4.908942e-10,3.312114e-10,1.4611976e-08,4.682384e-09,5.7993117e-11,4.576095e-09,4.4218879e-10,1.1960773e-08
2018-07-18,60,25.23,55.98,9.588143e-09,2.198142e-08,5.539702e-08,5.517993e-10,4.2533724e-10,1.6296065e-08,5.6806564e-09,4.932225e-11,3.878537e-09,2.2785526e-10,1.1594787e-08
2018-07-19,60,25.23,55.98,2.5331119e-08,5.388302e-08,9.003224e-08,5.385496e-10,3.828541e-10,1.879128e-08,6.452522e-09,6.3613975e-11,4.971721e-09,1.7837586e-10,1.7465029e-08
2018-07-20,60,25.23,55.98,1.2940315e-08,2.7724148e-08,5.5699903e-08,3.454984e-10,4.592814e-10,1.16785355e-08,5.822195e-09,9.8505926e-12,7.642651e-10,5.267367e-11,7.771315e-09
2018-07-21,60,25.23,55.98,1.6216124e-08,3.046984e-08,4.8885546e-08,6.3371164e-10,7.800956e-10,2.1749267e-08,1.0998175e-08,1.2671061e-11,9.781108e-10,4.766835e-11,1.2724527e-08
2018-07-22,60,25.23,55.98,1.9460053e-08,3.3775514e-08,5.4095693e-08,7.5544315e-10,6.091081e-10,2.303383e-08,8.823031e-09,1.4026082e-11,1.0732925e-09,3.4690556e-11,1.6353052e-08
2018-07-23,60,25.23,55.98,2.2630559e-08,4.188548e-08,5.514577e-08,1.0835314e-09,5.279029e-10,2.9407264e-08,7.4224955e-09,4.7596448e-11,3.6926058e-09,1.0428637e-10,2.2213595e-08
2018-07-24,60,25.23,55.98,1.398717e-08,3.1661145e-08,5.305918e-08,6.3395134e-10,4.159766e-10,1.7498492e-08,5.661958e-09,8.9247144e-11,7.0318342e-09,5.31964e-10,1.4272805e-08
2018-07-25,60,25.23,55.98,8.303508e-09,1.9544384e-08,5.0171327e-08,3.8985745e-10,5.5053007e-10,1.3053292e-08,6.627976e-09,3.859764e-11,3.048065e-09,2.2407785e-10,9.23278e-09
2018-07-26,60,25.23,55.98,1.0287181e-08,2.3801029e-08,6.4425876e-08,4.6343324e-10,5.0421234e-10,1.5115218e-08,6.335977e-09,3.950861e-11,3.1544072e-09,3.5109296e-10,1.117316e-08
2018-07-27,60,25.23,55.98,8.285598e-09,1.810911e-08,3.816053e-08,4.1175058e-10,5.733284e-10,1.3599763e-08,7.378084e-09,9.816805e-12,7.5987994e-10,3.2815528e-11,8.3479215e-09
2018-07-28,60,25.23,55.98,2.463044e-08,4.4780244e-08,7.430752e-08,9.754394e-10,1.1054041e-09,3.12166e-08,1.5351445e-08,1.4275019e-11,1.1095078e-09,2.0339501e-11,1.7600646e-08
2018-07-29,60,25.23,55.98,3.2604532e-08,5.691578e-08,8.012542e-08,7.7969664e-10,5.652484e-10,2.3235852e-08,8.968814e-09,1.755953e-11,1.3228041e-09,7.5147416e-11,1.510359e-08
2018-07-30,60,25.23,55.98,7.3663e-08,1.210392e-07,1.5113439e-07,1.5399536e-09,8.8546004e-10,4.4631598e-08,1.3921967e-08,4.090118e-11,3.0967633e-09,1.8197574e-10,2.8682987e-08
2018-07-31,60,25.23,55.98,5.6714867e-08,9.868057e-08,1.1483404e-07,1.3641431e-09,5.931748e-10,3.758964e-08,9.419036e-09,2.8662812e-11,2.147256e-09,6.353571e-11,2.4156522e-08
2018-08-01,60,25.23,55.98,4.412174e-08,7.627891e-08,6.773754e-08,9.2746255e-10,6.0029326e-10,2.6778444e-08,8.634423e-09,2.6934122e-11,2.0519586e-09,4.150465e-11,1.8236769e-08
2018-08-02,60,25.23,55.98,1.9729367e-08,3.6780268e-08,4.1096996e-08,1.0499581e-09,5.861908e-10,2.7442965e-08,7.867502e-09,6.9048406e-11,5.4406266e-09,1.2263787e-10,1.8519087e-08
2018-08-03,60,25.23,55.98,1.0522693e-08,2.1200954e-08,3.42456e-08,8.0253143e-10,5.571661e-10,2.2368466e-08,7.892371e-09,3.0457883e-11,2.3448592e-09,7.646143e-11,1.4680795e-08
2018-08-04,60,25.23,55.98,7.7473326e-09,1.7280195e-08,4.3834724e-08,4.256341e-10,3.825606e-10,1.3062408e-08,5.6348743e-09,9.144585e-12,6.981806e-10,1.5253463e-11,8.399274e-09
2018-08-05,60,25.23,55.98,1.0112488e-08,2.2330516e-08,4.9781775e-08,3.229952e-10,4.000778e-10,1.2003567e-08,6.4321726e-09,9.643664e-12,7.493589e-10,2.6443216e-11,8.786797e-09
2018-08-06,60,25.23,55.98,8.953766e-09,1.8527693e-08,3.9472024e-08,3.390519e-10,3.6384823e-10,1.2999859e-08,6.1073275e-09,1.6813939e-11,1.3179912e-09,2.3295676e-11,1.0785725e-08
2018-08-07,60,25.23,55.98,1.0682427e-08,2.0595664e-08,2.9065301e-08,5.742447e-10,5.176207e-10,2.0464796e-08,8.4066745e-09,3.708397e-11,2.8994247e-09,3.597919e-11,1.5879868e-08
2018-08-08,60,25.23,55.98,1.2672562e-08,2.224944e-08,2.0525697e-08,6.3310607e-10,5.2943694e-10,2.0415062e-08,8.5694545e-09,4.339715e-11,3.3929295e-09,1.4142576e-10,1.4612234e-08
2018-08-09,60,25.23,55.98,3.2180523e-08,6.474797e-08,1.09717014e-07,4.7739246e-10,1.6516855e-10,1.2534414e-08,2.7755658e-09,1.7479403e-10,1.3767259e-08,2.3868245e-09,1.02414575e-08
2018-08-10,60,25.23,55.98,2.8696165e-08,6.04131e-08,8.8442185e-08,4.148774e-10,1.7501156e-10,1.1100975e-08,2.6163403e-09,2.0133853e-10,1.5800842e-08,2.9286003e-09,9.186474e-09
2018-08-11,60,25.23,55.98,2.6557197e-08,5.251169e-08,6.518892e-08,4.1490997e-10,2.7955394e-10,1.2493192e-08,4.5186943e-09,9.3415234e-11,7.091451e-09,3.6991926e-10,8.9956425e-09
2018-08-12,60,25.23,55.98,1.11435865e-08,2.1020739e-08,3.6207172e-08,3.0746966e-10,3.7829526e-10,1.0854131e-08,5.777485e-09,1.01277875e-11,7.8340046e-10,1.3431461e-11,7.4211113e-09
2018-08-13,60,25.23,55.98,1.25138495e-08,2.4052529e-08,3.4388137e-08,8.488808e-10,8.757829e-10,3.019831e-08,1.3671672e-08,7.28153e-11,5.6698903e-09,2.8980571e-11,2.1351745e-08
2018-08-14,60,25.23,55.98,1.0003927e-08,1.8244746e-08,2.7128065e-08,2.4802027e-10,2.7452268e-10,8.594635e-09,4.2089896e-09,1.982308e-11,1.5308873e-09,7.864833e-11,6.072182e-09
2018-08-15,60,25.23,55.98,4.0066492e-08,7.180054e-08,6.9141855e-08,6.6893413e-10,6.082387e-10,2.1188292e-08,9.322402e-09,7.707723e-11,5.885586e-09,2.1411911e-10,1.2575348e-08
2018-08-16,60,25.23,55.98,2.3513785e-08,4.3318153e-08,3.7504922e-08,4.0171932e-10,4.0942674e-10,1.3415882e-08,6.617425e-09,3.931841e-11,2.9927885e-09,1.0629243e-10,7.951234e-09
2018-08-17,60,25.23,55.98,2.2071657e-08,3.913573e-08,3.0744122e-08,4.6417906e-10,4.7880944e-10,1.5411116e-08,7.555278e-09,2.8081227e-11,2.1148618e-09,1.0739559e-10,9.130914e-09
2018-08-18,60,25.23,55.98,2.2323025e-08,3.7845076e-08,2.979374e-08,6.480769e-10,6.2334693e-10,2.1208514e-08,9.681297e-09,3.0953188e-11,2.3477629e-09,1.15808245e-10,1.2474253e-08
2018-08-19,60,25.23,55.98,2.6051685e-08,4.6783207e-08,3.7287034e-08,5.6431937e-10,4.0806516e-10,1.6468224e-08,6.14581e-09,1.7025094e-10,1.3175398e-08,1.1602764e-09,9.883536e-09
2018-08-20,60,25.23,55.98,2.668069e-08,4.6903963e-08,3.338421e-08,6.414813e-10,4.7198523e-10,1.8802904e-08,7.614541e-09,1.4723485e-10,1.1152321e-08,4.208398e-10,1.1143872e-08
2018-08-21,60,25.23,55.98,1.7459934e-08,3.1294935e-08,2.3765706e-08,5.085225e-10,4.3666096e-10,1.5456497e-08,6.997535e-09,7.368249e-11,5.5883316e-09,2.1338746e-10,8.642948e-09
2018-08-22,60,25.23,55.98,2.2568255e-08,3.976938e-08,2.3029889e-08,5.4356075e-10,4.64998e-10,1.7351324e-08,7.2321122e-09,8.845347e-11,6.70512e-09,1.9274789e-10,9.503987e-09
2018-08-23,60,25.23,55.98,1.239215e-08,2.2371756e-08,2.7324564e-08,3.561929e-10,4.687333e-10,1.3073496e-08,7.352846e-09,4.326488e-11,3.2977008e-09,1.5790352e-10,5.7917715e-09
2018-08-24,60,25.23,55.98,1.5657541e-08,2.8656329e-08,2.872839e-08,3.797728e-10,4.5568846e-10,1.4123049e-08,7.324984e-09,6.627529e-11,5.029712e-09,1.6739933e-10,7.0622144e-09
2018-08-25,60,25.23,55.98,1.6362366e-08,2.905686e-08,3.4813134e-08,4.0296652e-10,4.0525408e-10,1.3929457e-08,6.4148438e-09,3.4506738e-11,2.5735751e-09,2.903304e-11,7.515864e-09
2018-08-26,60,25.23,55.98,1.1675163e-08,1.9204942e-08,1.8413816e-08,4.5648854e-10,5.6341704e-10,1.6860579e-08,9.5420125e-09,3.6697957e-11,2.773345e-09,8.838406e-11,7.782182e-09
2018-08-27,60,25.23,55.98,1.358741e-08,2.461509e-08,2.7663388e-08,3.73515e-10,4.0034878e-10,1.3189496e-08,6.503729e-09,7.0473176e-11,5.3429687e-09,1.437824e-10,6.7365638e-09
2018-08-28,60,25.23,55.98,1.2307093e-08,2.3912515e-08,3.1520447e-08,2.5797633e-10,3.219642e-10,9.7549275e-09,5.3614166e-09,5.2242093e-11,3.9465773e-09,9.73645e-11,4.5602238e-09
2018-08-29,60,25.23,55.98,1.0525885e-08,2.0919712e-08,2.89487e-08,2.1747848e-10,2.551894e-10,7.8238855e-09,4.082548e-09,3.706478e-11,2.8023597e-09,7.0878435e-11,3.7874246e-09
2018-08-30,60,25.23,55.98,2.275796e-08,4.8054574e-08,7.165831e-08,3.932484e-10,4.2211323e-10,1.32316895e-08,6.7524644e-09,7.797818e-11,5.868595e-09,3.5682658e-11,6.513717e-09
2018-08-31,60,25.23,55.98,2.3371527e-08,4.2451685e-08,3.5958642e-08,1.2991698e-09,9.850667e-10,2.6817155e-08,1.1259243e-08,2.690683e-11,1.6925278e-09,1.3062876e-11,8.119306e-09
2018-09-01,60,25.23,55.98,1.13711485e-08,1.9166743e-08,1.6367576e-08,8.9217683e-10,6.702233e-10,2.0332033e-08,9.115615e-09,1.7411935e-11,9.1403757e-10,4.569269e-11,8.021689e-09
2018-09-02,60,25.23,55.98,1.2525186e-08,2.2510779e-08,2.2531347e-08,4.3211612e-10,4.1710252e-10,1.3909338e-08,6.7631754e-09,2.284786e-11,1.5564698e-09,6.025427e-11,7.123573e-09
2018-09-03,60,25.23,55.98,1.4174306e-08,2.6043228e-08,3.3495656e-08,3.3406838e-10,3.9326403e-10,1.2227661e-08,6.7599712e-09,2.794231e-11,2.070587e-09,9.3628785e-11,5.3860534e-09
2018-09-04,60,25.23,55.98,2.0906292e-08,4.4101313e-08,7.945717e-08,2.609129e-10,3.5483974e-10,1.0139812e-08,6.074285e-09,4.3496453e-11,3.2895677e-09,1.2466261e-10,4.01441e-09
2018-09-05,60,25.23,55.98,2.3340988e-08,4.9588834e-08,8.873669e-08,2.3097092e-10,3.8938247e-10,9.2042685e-09,5.9901852e-09,2.2175218e-11,1.6411412e-09,5.3678284e-11,3.6554824e-09
2018-09-06,60,25.23,55.98,1.8609283e-08,3.736611e-08,5.40756e-08,2.533828e-10,4.2104195e-10,1.1137586e-08,7.329309e-09,2.1643073e-11,1.6219087e-09,2.2789213e-11,4.8045723e-09
2018-09-07,60,25.23,55.98,1.4703051e-08,2.9563509e-08,4.4186507e-08,2.2918445e-10,3.6688547e-10,9.811911e-09,6.123411e-09,1.681449e-11,1.2584852e-09,1.3814686e-11,5.180423e-09
2018-09-08,60,25.23,55.98,6.3041194e-09,1.1941802e-08,1.9102957e-08,2.7297825e-10,4.456497e-10,1.1648385e-08,7.658995e-09,1.288967e-11,9.798962e-10,7.9600694e-11,6.1888854e-09
2018-09-09,60,25.23,55.98,1.1589078e-08,2.1416604e-08,2.2335263e-08,4.4212944e-10,5.595353e-10,1.6685046e-08,9.5776365e-09,5.1038822e-11,3.8967314e-09,2.998727e-10,9.758146e-09
2018-09-10,60,25.23,55.98,9.03358e-09,1.8909754e-08,3.0081065e-08,1.8550955e-10,2.4646962e-10,7.0045854e-09,4.153863e-09,5.5827627e-11,4.341044e-09,4.9785004e-10,3.973697e-09
2018-09-11,60,25.23,55.98,1.5340804e-08,3.3948098e-08,5.6251967e-08,3.2853587e-10,5.563327e-10,1.05200115e-08,6.7116948e-09,3.7380536e-11,2.8438287e-09,4.58205e-11,4.686418e-09
2018-09-12,60,25.23,55.98,1.6764586e-08,3.3122724e-08,4.8495718e-08,4.6488072e-10,5.8266253e-10,1.4396807e-08,8.498059e-09,1.2383032e-11,9.2015817e-10,4.0072832e-12,5.6191225e-09
2018-09-13,60,25.23,55.98,6.020178e-09,1.1621639e-08,2.3537448e-08,1.8038757e-09,1.4067104e-09,3.404278e-08,1.4786192e-08,1.3647529e-11,1.0674245e-09,3.182099e-11,8.940264e-09
2018-09-14,60,25.23,55.98,8.244635e-09,1.3650094e-08,1.7848587e-08,2.1092967e-09,1.4632143e-09,4.2350248e-08,1.7533054e-08,1.5849865e-11,1.2378055e-09,5.1246046e-11,1.28597755e-08
2018-09-15,60,25.23,55.98,1.0494492e-08,2.0551838e-08,3.1636876e-08,3.9191334e-10,3.9303621e-10,1.3042629e-08,7.126252e-09,3.4298765e-11,2.626749e-09,2.4716654e-10,5.461242e-09
2018-09-16,60,25.23,55.98,1.708802e-08,3.3101045e-08,4.3530186e-08,3.4475015e-10,3.5401793e-10,1.2154654e-08,6.1054504e-09,5.1936004e-11,3.9614254e-09,3.2730518e-10,6.112513e-09
2018-09-17,60,25.23,55.98,9.41939e-09,2.0501968e-08,4.2740652e-08,1.7530745e-10,2.905129e-10,7.547246e-09,5.065436e-09,5.162609e-11,4.0774024e-09,8.9496327e-10,3.1655478e-09
2018-09-18,60,25.23,55.98,1.20614665e-08,2.5688689e-08,4.7348614e-08,2.4670227e-10,3.5108005e-10,9.521327e-09,5.6175686e-09,8.661294e-11,6.770809e-09,6.982115e-10,4.9590394e-09
2018-09-19,60,25.23,55.98,1.5121747e-08,3.2137713e-08,5.6894976e-08,2.353561e-10,3.8290746e-10,9.8221715e-09,6.4078756e-09,1.5598101e-11,1.1807181e-09,3.0757036e-11,4.00397e-09
2018-09-20,60,25.23,55.98,1.6461254e-08,2.98415e-08,3.246878e-08,5.970229e-10,7.186326e-10,1.9360133e-08,1.1358978e-08,6.226474e-12,4.6406787e-10,4.3983814e-12,6.7299712e-09
2018-09-21,60,25.23,55.98,1.8810915e-08,3.28993e-08,3.1098075e-08,7.1294587e-10,6.4971106e-10,2.2610323e-08,1.0734235e-08,1.336071e-11,1.0148855e-09,1.0654839e-11,1.05357625e-08
2018-09-22,60,25.23,55.98,5.8760574e-09,1.1340235e-08,1.7547787e-08,2.5483254e-10,3.618425e-10,9.772917e-09,5.8887166e-09,5.324466e-12,4.0455223e-10,1.3393237e-11,5.2310285e-09
2018-09-23,60,25.23,55.98,7.796294e-09,1.447959e-08,1.9189473e-08,3.6640502e-10,5.947734e-10,1.6596488e-08,1.05631415e-08,1.1154137e-11,8.5655016e-10,8.4008755e-12,6.964751e-09
2018-09-24,60,25.23,55.98,1.5638275e-08,2.8708984e-08,4.7580983e-08,5.963361e-10,6.621147e-10,2.0805112e-08,1.1103863e-08,8.191017e-12,6.168673e-10,4.3872106e-12,8.5813845e-09
2018-09-25,60,25.23,55.98,1.6440072e-08,3.1324387e-08,6.415425e-08,9.225054e-10,5.9595046e-10,2.6031087e-08,9.2065235e-09,1.7987084e-11,1.4175788e-09,1.0237503e-10,1.4334935e-08
2018-09-26,60,25.23,55.98,6.485389e-09,1.3290694e-08,2.1993428e-08,5.9494215e-10,4.9691273e-10,1.9079586e-08,8.080022e-09,3.3224708e-11,2.6504197e-09,4.4371357e-10,1.0124962e-08
2018-09-27,60,25.23,55.98,6.2792194e-09,1.07644285e-08,1.0521111e-08,6.564059e-10,5.626618e-10,2.1618426e-08,9.851226e-09,2.4553672e-11,1.9497852e-09,7.5355416e-11,1.0955567e-08
2018-09-28,60,25.23,55.98,6.1176597e-09,1.0406208e-08,1.4378001e-08,4.5381207e-10,4.4073012e-10,1.6665446e-08,8.476458e-09,1.0893128e-11,8.572593e-10,2.8571813e-11,7.732239e-09
2018-09-29,60,25.23,55.98,8.2702325e-09,1.7493127e-08,3.4299568e-08,2.618955e-10,4.1190829e-10,1.1486296e-08,7.3102657e-09,7.2284028e-12,5.52528e-10,1.4508686e-11,5.3497167e-09
2018-09-30,60,25.23,55.98,1.1674459e-08,2.2724013e-08,4.0078138e-08,8.9639046e-10,9.824164e-10,2.3883972e-08,1.3218339e-08,5.7299152e-12,4.350531e-10,1.8197902e-11,7.589883e-09
2018-10-01,60,25.23,55.98,5.9414083e-09,1.1172076e-08,1.801809e-08,9.214495e-10,6.440509e-10,2.2809955e-08,9.669053e-09,8.636045e-12,6.790982e-10,4.4842192e-11,1.2593809e-08
2018-10-02,60,25.23,55.98,4.181274e-09,7.843246e-09,1.26342385e-08,4.1324016e-10,4.752996e-10,1.728645e-08,8.900268e-09,7.1226545e-12,5.593529e-10,1.0470865e-11,1.0334161e-08
2018-10-03,60,25.23,55.98,3.844364e-09,7.838148e-09,1.891635e-08,3.8724868e-10,4.4751852e-10,1.4695431e-08,8.272479e-09,6.725511e-12,5.273792e-10,2.2580576e-11,7.978806e-09
2018-10-04,60,25.23,55.98,5.807996e-09,1.0552375e-08,1.6239408e-08,7.957198e-10,6.842244e-10,2.5301366e-08,1.1867445e-08,1.2401951e-11,9.690357e-10,2.7247878e-11,1.6801975e-08
2018-10-05,60,25.23,55.98,5.6943152e-09,9.802047e-09,1.4979772e-08,6.723901e-10,5.6725274e-10,2.0936968e-08,9.685555e-09,4.2081074e-12,3.2613487e-10,3.552534e-12,1.3105128e-08
2018-10-06,60,25.23,55.98,4.9041926e-09,7.3412987e-09,8.574361e-09,5.5751986e-10,5.568409e-10,1.9938053e-08,1.0187128e-08,2.5342217e-12,1.9412014e-10,6.265591e-12,1.2585928e-08
2018-10-07,60,25.23,55.98,4.5489426e-09,6.650452e-09,9.473008e-09,4.6188203e-10,5.418738e-10,1.7896923e-08,9.6395185e-09,6.5077865e-12,5.1262633e-10,8.017771e-12,1.0052747e-08
2018-10-08,60,25.23,55.98,6.08042e-09,9.513359e-09,1.2383784e-08,4.844662e-10,4.8968235e-10,1.7878383e-08,9.297081e-09,4.053184e-12,3.1759795e-10,3.3362768e-12,9.4316155e-09
2018-10-09,60,25.23,55.98,1.05814015e-08,1.6865693e-08,1.5281609e-08,6.0057137e-10,5.5521376e-10,2.1472966e-08,1.0261194e-08,9.566159e-12,7.567337e-10,1.07221645e-11,9.867131e-09
2018-10-10,60,25.23,55.98,8.285073e-09,1.5955276e-08,1.8629228e-08,2.9850591e-10,3.947721e-10,1.2726128e-08,6.9681545e-09,8.685537e-12,6.795465e-10,1.4441707e-11,5.2860445e-09
2018-10-11,60,25.23,55.98,1.6052965e-08,2.9305635e-08,2.6495414e-08,4.272799e-10,5.378146e-10,1.8154907e-08,9.63316e-09,1.1094621e-11,8.6719126e-10,1.4541481e-11,7.0286617e-09
2018-10-12,60,25.23,55.98,4.1589736e-09,7.1311366e-09,8.42571e-09,2.0410429e-10,4.663384e-10,1.1073688e-08,8.6310905e-09,1.8863366e-12,1.4865614e-10,1.3304915e-11,3.0864493e-09
2018-10-13,60,25.23,55.98,5.5592984e-09,1.04703055e-08,1.5210686e-08,2.8570393e-10,5.4839694e-10,1.4594557e-08,1.0315951e-08,3.0232164e-12,2.3794924e-10,2.0523928e-11,5.3473377e-09
2018-10-14,60,25.23,55.98,5.9557976e-09,1.1362059e-08,1.8898897e-08,2.8910146e-10,4.781783e-10,1.3470105e-08,8.586327e-09,1.371152e-11,1.0728897e-09,4.615807e-11,5.472212e-09
2018-10-15,60,25.23,55.98,7.593838e-09,1.2793107e-08,1.6237562e-08,6.416398e-10,6.733749e-10,2.1411202e-08,1.1344297e-08,9.368349e-12,7.233188e-10,5.2405285e-11,8.4035205e-09
2018-10-16,60,25.23,55.98,1.0990065e-08,1.9278467e-08,1.9338676e-08,7.092041e-10,5.501021e-10,2.2211706e-08,9.183955e-09,1.3794612e-11,1.0868934e-09,1.2980984e-10,1.0728608e-08
2018-10-17,60,25.23,55.98,5.234373e-09,9.302645e-09,1.0246213e-08,3.002159e-10,3.9432066e-10,1.2774713e-08,7.2755104e-09,5.3448686e-12,4.2325007e-10,4.2901543e-11,7.2341635e-09
2018-10-18,60,25.23,55.98,3.5827468e-09,6.1846066e-09,7.707435e-09,3.5208841e-10,6.777988e-10,1.748907e-08,1.227124e-08,3.0514972e-12,2.4125724e-10,3.4524664e-11,7.531079e-09
2018-10-19,60,25.23,55.98,4.0273562e-09,6.6808186e-09,6.4881207e-09,3.7477618e-10,5.387173e-10,1.5091079e-08,9.281088e-09,3.8672568e-12,3.0747654e-10,4.4219642e-11,7.662194e-09
2018-10-20,60,25.23,55.98,3.5611551e-09,6.570558e-09,8.502948e-09,4.168052e-10,5.413533e-10,1.6394036e-08,9.441712e-09,1.794949e-11,1.4170825e-09,6.7123675e-11,8.587736e-09
2018-10-21,60,25.23,55.98,3.729043e-09,7.062953e-09,9.616297e-09,3.49615e-10,5.217737e-10,1.4111661e-08,8.520307e-09,1.208816e-11,9.468042e-10,2.998319e-11,5.346322e-09
2018-10-22,60,25.23,55.98,2.8089424e-09,5.9209215e-09,1.5781033e-08,3.2621275e-10,7.0476847e-10,1.4037294e-08,9.978284e-09,7.384483e-12,5.738964e-10,1.4576375e-11,4.70622e-09
2018-10-23,60,25.23,55.98,7.2156876e-09,1.5195925e-08,3.5217298e-08,3.2330383e-10,3.075821e-10,1.1915888e-08,5.6402474e-09,2.0229741e-11,1.5864255e-09,2.3864324e-10,5.669364e-09
2018-10-24,60,25.23,55.98,6.633517e-09,1.46756785e-08,3.570201e-08,2.2660514e-10,3.269168e-10,9.429735e-09,5.92336e-09,2.4461252e-11,1.966647e-09,6.5221395e-10,4.0572923e-09
2018-10-25,60,25.23,55.98,1.0257499e-08,2.0412106e-08,2.4201283e-08,4.3708093e-10,4.7287957e-10,1.5923465e-08,8.407371e-09,4.199629e-11,3.3790952e-09,1.1783188e-09,7.768481e-09
2018-10-26,60,25.23,55.98,5.5403815e-09,1.0675871e-08,1.25279005e-08,3.634306e-10,4.856873e-10,1.4064833e-08,8.42723e-09,1.523079e-11,1.212935e-09,1.2155191e-10,6.9062023e-09
2018-10-27,60,25.23,55.98,7.2769923e-09,1.290778e-08,1.2511884e-08,4.597139e-10,4.589333e-10,1.6934276e-08,8.0912725e-09,2.6725022e-11,2.1286441e-09,1.8162846e-10,7.950676e-09
2018-10-28,60,25.23,55.98,7.708829e-09,1.38443985e-08,2.0537335e-08,5.2195076e-10,5.090654e-10,2.0176683e-08,9.0486925e-09,3.9864723e-11,3.1712266e-09,2.6114852e-10,8.293778e-09
2018-10-29,60,25.23,55.98,3.3713587e-09,6.189488e-09,9.605838e-09,3.3050537e-10,4.9626186e-10,1.5272466e-08,9.6918695e-09,1.0705961e-11,8.497181e-10,1.5585613e-10,6.7383423e-09
2018-10-30,60,25.23,55.98,5.042125e-09,9.841423e-09,2.0547256e-08,3.4480954e-10,4.4215906e-10,1.5624797e-08,9.079766e-09,1.8072916e-11,1.4405283e-09,3.689694e-10,7.144781e-09
2018-10-31,60,25.23,55.98,8.366397e-09,1.7801744e-08,2.1255147e-08,4.0859446e-10,3.1991346e-10,1.3873482e-08,6.109193e-09,1.0116108e-10,8.231368e-09,1.4144619e-09,8.184677e-09
2018-11-01,60,25.23,55.98,6.4311885e-09,1.3396167e-08,1.9513806e-08,2.5122732e-10,3.1690048e-10,1.1400825e-08,6.7036585e-09,2.3603041e-11,1.8900752e-09,1.2950718e-10,4.5302175e-09
2018-11-02,60,25.23,55.98,5.8404437e-09,1.3167499e-08,3.127084e-08,1.575255e-10,2.7715352e-10,7.851062e-09,4.88501e-09,1.6692134e-11,1.3635206e-09,6.6321304e-10,2.3628166e-09
2018-11-03,60,25.23,55.98,7.640769e-09,1.693578e-08,3.7211883e-08,1.5868427e-10,3.5257472e-10,8.520798e-09,6.2703025e-09,1.804473e-11,1.4942491e-09,1.0425751e-09,1.4714888e-09
2018-11-04,60,25.23,55.98,6.735107e-09,1.4180096e-08,2.3637464e-08,2.1155314e-10,3.3870987e-10,1.0533688e-08,7.380503e-09,2.175908e-11,1.7852279e-09,4.4027226e-10,2.132324e-09
2018-11-05,60,25.23,55.98,2.1565718e-09,4.577009e-09,7.833776e-09,1.5357719e-10,3.8723905e-10,7.520826e-09,6.2110397e-09,4.609192e-12,3.7632839e-10,9.175865e-11,1.3205974e-09
2018-11-06,60,25.23,55.98,6.815629e-09,1.3837989e-08,1.708818e-08,3.635701e-10,6.086745e-10,1.445134e-08,1.0062624e-08,1.8812157e-11,1.5256054e-09,1.8601005e-10,3.2747334e-09
2018-11-07,60,25.23,55.98,3.7450083e-09,7.585484e-09,1.1174354e-08,2.436657e-10,5.0226157e-10,1.2721067e-08,9.449877e-09,5.2461607e-12,4.1259152e-10,7.894121e-11,4.294564e-09
2018-11-08,60,25.23,55.98,6.0453704e-09,1.1972858e-08,1.827291e-08,3.7088316e-10,5.299513e-10,1.7208421e-08,1.036161e-08,7.1592454e-12,5.5795607e-10,9.662798e-11,6.94703e-09
2018-11-09,60,25.23,55.98,6.1329315e-09,1.1942388e-08,1.303399e-08,4.110418e-10,7.361407e-10,1.6614715e-08,1.12724e-08,7.415512e-12,5.7951666e-10,3.314893e-11,5.812703e-09
2018-11-10,60,25.23,55.98,1.04042215e-08,1.8913244e-08,2.676563e-08,5.4540666e-10,1.0375577e-09,2.2121075e-08,1.4918202e-08,1.471343e-11,1.1598322e-09,1.0048925e-10,7.3495663e-09
2018-11-11,60,25.23,55.98,8.603351e-09,1.6030661e-08,2.7626259e-08,4.4507711e-10,5.3260985e-10,1.9299295e-08,1.0504584e-08,1.4015868e-11,1.0837743e-09,2.303324e-11,7.674354e-09
2018-11-12,60,25.23,55.98,3.388564e-09,7.485401e-09,2.3001839e-08,1.7121557e-10,3.0973332e-10,9.479511e-09,6.8451955e-09,8.631447e-12,6.8474487e-10,1.1145608e-10,2.7729956e-09
2018-11-13,60,25.23,55.98,3.7682826e-09,8.850044e-09,3.302532e-08,1.4036201e-10,2.6041252e-10,7.538741e-09,5.3574185e-09,2.3743368e-11,1.9217468e-09,4.5079557e-10,2.985751e-09
2018-11-14,60,25.23,55.98,8.52845e-10,1.8838755e-09,6.521821e-09,1.8592071e-10,5.602124e-10,9.6962705e-09,8.602128e-09,7.7931574e-13,6.251148e-11,4.8571915e-12,1.5260301e-09
2018-11-15,60,25.23,55.98,1.4769204e-09,3.2166867e-09,9.076257e-09,2.5409586e-10,5.338104e-10,1.2575017e-08,9.7907495e-09,4.5773507e-12,3.644004e-10,6.047535e-11,3.0446712e-09
2018-11-16,60,25.23,55.98,6.124613e-09,1.1866644e-08,1.8411702e-08,2.576475e-10,4.3902584e-10,1.302938e-08,8.530826e-09,1.3274917e-11,1.0445684e-09,4.2956014e-11,4.866692e-09
2018-11-17,60,25.23,55.98,4.88231e-09,9.392229e-09,2.4735009e-08,3.3352232e-10,5.379072e-10,1.7175038e-08,1.1445949e-08,7.286844e-12,5.742747e-10,6.730086e-11,5.741788e-09
2018-11-18,60,25.23,55.98,5.7579186e-09,1.28515385e-08,3.6849542e-08,2.4376068e-10,3.1790215e-10,1.0044849e-08,5.954338e-09,6.272817e-11,5.10543e-09,1.8546467e-09,4.3922266e-09
2018-11-19,60,25.23,55.98,3.4403127e-09,7.284844e-09,1.2316445e-08,2.4383773e-10,3.4713954e-10,1.0863115e-08,6.778688e-09,1.0394863e-10,8.539217e-09,3.538541e-09,4.5730935e-09
2018-11-20,60,25.23,55.98,2.6998983e-09,5.907708e-09,1.5922788e-08,2.2989047e-10,3.598445e-10,1.1816905e-08,7.802506e-09,4.5458814e-11,3.6879744e-09,7.316993e-10,5.0548814e-09
2018-11-21,60,25.23,55.98,5.3288116e-09,1.28188615e-08,4.1647226e-08,1.3628025e-10,1.9854086e-10,6.658526e-09,4.107664e-09,7.0164624e-11,5.791184e-09,2.7427471e-09,3.9361128e-09
2018-11-22,60,25.23,55.98,2.0202153e-09,4.1727737e-09,7.458876e-09,3.0071978e-10,4.3525109e-10,1.4365579e-08,9.072764e-09,7.3327386e-11,6.010032e-09,1.9092754e-09,5.2987583e-09
2018-11-23,60,25.23,55.98,2.0431032e-09,4.038995e-09,5.5744827e-09,3.1238379e-10,4.8591287e-10,1.5765856e-08,1.0219957e-08,2.6904427e-11,2.1586084e-09,3.4564226e-10,5.743942e-09
2018-11-24,60,25.23,55.98,4.4975788e-09,8.46982e-09,1.0514252e-08,3.4985637e-10,6.123534e-10,1.7659827e-08,1.1834044e-08,2.5770632e-11,2.0675304e-09,2.57248e-10,6.1125207e-09
2018-11-25,60,25.23,55.98,6.7624084e-09,1.4494656e-08,3.185435e-08,3.6428208e-10,4.3260803e-10,1.4874097e-08,7.4005104e-09,1.8174129e-11,1.4352833e-09,1.3368404e-10,6.3055223e-09
2018-11-26,60,25.23,55.98,5.19184e-09,1.1338971e-08,2.379352e-08,2.793563e-10,2.6396255e-10,1.1977929e-08,5.166905e-09,1.9495223e-11,1.5581283e-09,1.749855e-10,5.037439e-09
2018-11-27,60,25.23,55.98,3.4860448e-09,7.543544e-09,1.7146037e-08,1.7673892e-10,2.6437452e-10,8.3717495e-09,5.4875082e-09,4.720202e-11,3.894857e-09,1.4478899e-09,3.5405354e-09
2018-11-28,60,25.23,55.98,3.4678969e-09,6.5895542e-09,7.228138e-09,3.3797193e-10,4.696369e-10,1.4887707e-08,8.903904e-09,5.332247e-11,4.3584585e-09,1.3465173e-09,6.275916e-09
2018-11-29,60,25.23,55.98,2.6504934e-09,4.5506354e-09,3.6566394e-09,3.3690828e-10,5.2691973e-10,1.7190779e-08,1.1013062e-08,1.4595086e-11,1.1720009e-09,1.6749387e-10,5.501164e-09
2018-11-30,60,25.23,55.98,2.545068e-09,5.3929243e-09,1.05134195e-08,1.8055453e-10,3.8524234e-10,1.1279834e-08,8.438994e-09,5.8055895e-12,4.646628e-10,3.4455976e-11,3.1635203e-09
2018-12-01,60,25.23,55.98,2.8914875e-09,5.4147495e-09,6.8000423e-09,2.6408964e-10,5.370895e-10,1.7133205e-08,1.165383e-08,3.857249e-12,3.081806e-10,1.2967754e-11,5.073053e-09
2018-12-02,60,25.23,55.98,2.531389e-09,4.821656e-09,1.0028824e-08,3.2707376e-10,5.8827143e-10,2.3225304e-08,1.3542943e-08,2.2239968e-12,1.7668038e-10,2.6911478e-11,6.9928e-09
2018-12-03,60,25.23,55.98,1.4951359e-09,2.7385434e-09,4.234403e-09,2.9464856e-10,5.822702e-10,1.896867e-08,1.2187115e-08,1.1924564e-11,9.587283e-10,1.647118e-10,5.1054165e-09
2018-12-04,60,25.23,55.98,7.120759e-10,1.3285485e-09,2.4074092e-09,2.5903416e-10,5.8647076e-10,1.5654043e-08,1.1605719e-08,2.5706707e-12,2.0283834e-10,1.3678145e-11,4.5930713e-09
2018-12-05,60,25.23,55.98,8.043736e-10,1.5288113e-09,3.1443779e-09,5.2615207e-10,1.2752605e-09,2.0877792e-08,1.638593e-08,2.5772787e-12,2.0282613e-10,3.6983704e-11,3.7605563e-09
2018-12-06,60,25.23,55.98,2.1083548e-09,4.382736e-09,1.0795866e-08,4.29923e-10,6.0800753e-10,1.6675271e-08,1.1104311e-08,3.770952e-12,2.8242664e-10,1.8309689e-11,4.938776e-09
2018-12-07,60,25.23,55.98,2.5174052e-09,5.1029887e-09,1.1775683e-08,4.00786e-10,5.775891e-10,1.6831398e-08,1.1521942e-08,6.2228044e-12,3.0832434e-10,5.559898e-11,4.098549e-09
2018-12-08,60,25.23,55.98,5.678051e-09,1.1966536e-08,2.5066093e-08,2.797924e-10,4.186371e-10,1.3130074e-08,8.890171e-09,3.6194218e-11,2.9477385e-09,6.7335626e-10,4.668928e-09
2018-12-09,60,25.23,55.98,3.3261198e-09,7.892012e-09,2.7038972e-08,1.13030835e-10,2.8281105e-10,7.216732e-09,6.082342e-09,1.837177e-11,1.4977172e-09,5.6344135e-10,1.6531103e-09
2018-12-10,60,25.23,55.98,4.573589e-09,1.0364113e-08,2.608123e-08,2.2323554e-10,5.4921995e-10,1.0181136e-08,8.0115345e-09,2.8763231e-11,2.303929e-09,6.657129e-10,3.1371516e-09
2018-12-11,60,25.23,55.98,4.8739315e-09,1.1093518e-08,3.1755523e-08,2.4977742e-10,5.156958e-10,1.08029985e-08,8.201788e-09,3.640824e-11,2.939316e-09,1.2329533e-09,3.5225804e-09
2018-12-12,60,25.23,55.98,1.2180796e-09,2.4648197e-09,4.3911363e-09,2.2117588e-10,4.4848175e-10,1.2158597e-08,9.210865e-09,7.0040064e-11,5.7482925e-09,1.8317854e-09,3.1099376e-09
2018-12-13,60,25.23,55.98,9.860136e-10,2.1201438e-09,5.555981e-09,3.021426e-10,5.5280913e-10,1.6516488e-08,1.1736479e-08,4.1270726e-11,3.3210426e-09,2.550992e-10,6.4422316e-09
2018-12-14,60,25.23,55.98,1.3899286e-09,2.7405593e-09,4.7632778e-09,3.7886583e-10,5.172687e-10,1.778812e-08,1.0418205e-08,4.302567e-11,3.4465055e-09,2.1543138e-10,8.370231e-09
2018-12-15,60,25.23,55.98,2.046844e-09,3.8024193e-09,4.4573816e-09,3.1337205e-10,3.589899e-10,1.3586119e-08,7.4839e-09,4.3168843e-11,3.4856573e-09,6.632171e-10,5.678617e-09
2018-12-16,60,25.23,55.98,8.8900765e-10,1.9140265e-09,4.3858623e-09,1.4637823e-10,3.2543374e-10,9.853064e-09,7.858777e-09,1.24502405e-11,1.0247946e-09,4.5793265e-11,2.2795197e-09
2018-12-17,60,25.23,55.98,1.4910198e-09,2.7327052e-09,3.5315124e-09,3.679843e-10,5.567579e-10,2.0727668e-08,1.364272e-08,3.1261074e-11,2.613203e-09,3.79332e-11,5.682602e-09
2018-12-18,60,25.23,55.98,1.2840856e-09,2.8357101e-09,8.808812e-09,1.5249893e-10,3.495312e-10,1.0881097e-08,8.504832e-09,5.1959908e-12,4.226995e-10,6.0789655e-12,2.8301084e-09
2018-12-19,60,25.23,55.98,2.5204092e-09,5.001156e-09,6.8604615e-09,4.0675088e-10,4.3474416e-10,1.7765739e-08,8.922871e-09,5.5867012e-11,4.382065e-09,4.882658e-10,8.319277e-09
2018-12-20,60,25.23,55.98,1.7400792e-09,2.9907963e-09,2.8138103e-09,3.6811942e-10,5.4968186e-10,1.9636463e-08,1.12267955e-08,1.5117829e-11,1.1328459e-09,4.5719463e-11,7.147461e-09
2018-12-21,60,25.23,55.98,3.588673e-09,6.7452e-09,7.754047e-09,4.5204424e-10,6.770834e-10,2.3066328e-08,1.4102502e-08,1.6521916e-11,1.2238632e-09,7.891575e-11,8.343675e-09
2018-12-22,60,25.23,55.98,7.048915e-09,1.5000587e-08,3.2057727e-08,3.1500869e-10,3.4387582e-10,1.502551e-08,8.1589855e-09,7.369603e-11,5.884799e-09,1.8817579e-09,7.955627e-09
2018-12-23,60,25.23,55.98,4.035768e-09,8.725087e-09,1.6976388e-08,2.136225e-10,2.6252556e-10,9.157769e-09,5.1796842e-09,1.1964496e-10,1.0012739e-08,4.4978212e-09,4.999398e-09
2018-12-24,60,25.23,55.98,2.9819052e-09,5.750939e-09,6.4759496e-09,2.7810393e-10,3.8147596e-10,1.3329856e-08,8.0986355e-09,6.1139885e-11,5.0808073e-09,1.8448337e-09,5.870714e-09
2018-12-25,60,25.23,55.98,1.9518986e-09,4.2181725e-09,1.0410877e-08,1.9756513e-10,3.690898e-10,9.619992e-09,6.759106e-09,4.971237e-11,4.12768e-09,1.4426498e-09,4.2816963e-09
2018-12-26,60,25.23,55.98,1.889493e-09,3.164375e-09,2.4319575e-09,4.162427e-10,6.7193584e-10,2.1916025e-08,1.4542101e-08,4.45643e-11,3.6664198e-09,6.993968e-10,7.924975e-09
2018-12-27,60,25.23,55.98,4.9167688e-09,7.654906e-09,4.7828776e-09,6.332482e-10,7.654342e-10,3.205789e-08,1.7545888e-08,1.5587098e-11,1.243524e-09,2.7459127e-10,1.3410855e-08
2018-12-28,60,25.23,55.98,3.3695664e-09,5.242878e-09,6.1177237e-09,5.620346e-10,6.2485583e-10,2.6923944e-08,1.4651196e-08,1.0343792e-11,8.263445e-10,1.252178e-10,1.0890773e-08
2018-12-29,60,25.23,55.98,1.864668e-09,3.78992e-09,7.686352e-09,3.2833045e-10,4.7967547e-10,1.5470166e-08,1.0598769e-08,1.3741102e-11,1.1040566e-09,1.8582974e-10,4.49341e-09
2018-12-30,60,25.23,55.98,4.8221502e-09,8.66092e-09,8.985282e-09,4.5887663e-10,6.6094175e-10,2.2947654e-08,1.4912679e-08,1.9005526e-11,1.2471868e-09,7.786475e-11,7.353016e-09
2018-12-31,60,25.23,55.98,7.2187625e-09,1.121359e-08,1.1827119e-08,6.31024e-10,8.681762e-10,3.1896203e-08,2.0017486e-08,1.1729872e-11,8.4103885e-10,4.547663e-11,1.0626941e-08
2019-01-01,60,25.23,55.98,2.8214298e-09,5.30579e-09,1.0986231e-08,2.3756141e-10,4.5119963e-10,1.4005854e-08,1.0398072e-08,7.725669e-12,4.8135446e-10,2.959819e-11,4.8166724e-09
2019-01-02,60,25.23,55.98,5.3523164e-09,9.970927e-09,1.5228416e-08,3.8387685e-10,6.0228983e-10,2.1181101e-08,1.4017599e-08,2.3335873e-11,1.3065588e-09,3.7015654e-11,7.1691124e-09
2019-01-03,60,25.23,55.98,4.5005866e-09,7.592872e-09,9.732469e-09,4.651954e-10,8.945573e-10,2.5964574e-08,1.88183e-08,1.7564037e-11,8.822598e-10,1.3031008e-10,7.900085e-09
2019-01-04,60,25.23,55.98,1.1533202e-08,2.1281656e-08,4.115867e-08,7.4588385e-10,8.4501395e-10,3.3798173e-08,1.9192187e-08,5.2111045e-11,3.6192824e-09,8.286042e-10,1.1792916e-08
2019-01-05,60,25.23,55.98,5.924208e-09,1.0082889e-08,5.5836806e-09,4.4037912e-10,6.452769e-10,2.0016618e-08,1.281994e-08,8.770552e-11,7.0919146e-09,1.8236227e-09,6.8103527e-09
2019-01-06,60,25.23,55.98,7.632392e-09,1.1079169e-08,8.0241715e-09,6.73964e-10,8.8667623e-10,3.183105e-08,1.9556195e-08,3.584391e-11,2.6179479e-09,2.9196423e-10,8.9707015e-09
2019-01-07,60,25.23,55.98,7.074847e-09,1.0862126e-08,1.3530819e-08,5.990132e-10,8.7123075e-10,3.1456196e-08,2.053181e-08,1.5352416e-11,1.1010438e-09,3.790182e-10,9.791313e-09
2019-01-08,60,25.23,55.98,4.038712e-09,6.7863146e-09,9.479733e-09,3.8790376e-10,6.5787786e-10,2.1915415e-08,1.5458282e-08,1.019266e-11,7.3164474e-10,2.2178939e-10,7.2274897e-09
2019-01-09,60,25.23,55.98,3.3326093e-09,5.9157066e-09,9.468114e-09,3.56408e-10,6.4507766e-10,2.1143387e-08,1.5194903e-08,5.88825e-12,3.966727e-10,7.8750916e-11,6.7283383e-09
2019-01-10,60,25.23,55.98,7.113994e-09,1.5761511e-08,4.0344926e-08,1.956165e-10,3.2232228e-10,1.1885907e-08,8.419532e-09,6.7668954e-11,5.5324274e-09,2.1995832e-09,5.6156804e-09
2019-01-11,60,25.23,55.98,5.1384017e-09,1.1477022e-08,3.1280837e-08,1.5276923e-10,2.0422763e-10,6.9176056e-09,4.3119623e-09,1.9909613e-10,1.6646567e-08,8.22844e-09,4.243302e-09
2019-01-12,60,25.23,55.98,2.285978e-09,4.5196367e-09,5.8263128e-09,1.9247585e-10,3.4736858e-10,1.0865101e-08,7.442087e-09,7.587911e-11,6.290608e-09,2.1651583e-09,5.32149e-09
2019-01-13,60,25.23,55.98,3.960189e-09,7.1466e-09,5.7353327e-09,4.3584336e-10,9.182808e-10,2.1801387e-08,1.5636232e-08,1.7736347e-11,1.406285e-09,1.7481017e-10,6.091996e-09
2019-01-14,60,25.23,55.98,8.012443e-09,1.3440916e-08,1.0197007e-08,6.5177697e-10,1.18593e-09,2.644401e-08,1.8870711e-08,2.51309e-11,2.0216933e-09,4.2714515e-10,5.5520366e-09
2019-01-15,60,25.23,55.98,7.74493e-09,1.18495205e-08,6.6698784e-09,3.9487003e-10,6.2292804e-10,2.137192e-08,1.4085224e-08,1.837103e-11,1.4423889e-09,1.5267455e-10,6.7570736e-09
2019-01-16,60,25.23,55.98,4.1062944e-09,6.860661e-09,6.901469e-09,2.7388702e-10,5.1931426e-10,1.728207e-08,1.255947e-08,1.6116775e-11,1.2515695e-09,3.4939104e-11,5.377494e-09
2019-01-17,60,25.23,55.98,5.3279456e-09,9.641173e-09,1.617802e-08,3.303731e-10,5.352293e-10,2.0129715e-08,1.3147696e-08,1.5095605e-11,1.1441885e-09,9.169563e-11,6.370034e-09
2019-01-18,60,25.23,55.98,2.0217133e-08,4.242199e-08,4.9395336e-08,3.4537595e-10,4.0149964e-10,1.5160214e-08,8.745591e-09,2.1696239e-10,1.8111436e-08,4.879103e-09,5.653269e-09
2019-01-19,60,25.23,55.98,1.5494882e-08,3.4420687e-08,5.2975892e-08,4.2965528e-10,3.008976e-10,1.1313303e-08,5.9841003e-09,1.7359196e-10,1.4601719e-08,5.718423e-09,5.172052e-09
2019-01-20,60,25.23,55.98,6.655088e-09,1.5187158e-08,3.960429e-08,1.628422e-10,1.9172802e-10,5.827231e-09,3.530868e-09,8.1908876e-11,6.907897e-09,4.1633306e-09,4.4511483e-09
2019-01-21,60,25.23,55.98,4.677545e-09,9.610735e-09,1.0613149e-08,2.3669838e-10,2.9592861e-10,1.0023904e-08,6.2402936e-09,2.2979087e-11,1.9219506e-09,7.0405326e-10,3.801809e-09
2019-01-22,60,25.23,55.98,4.1849093e-09,8.28974e-09,9.5628385e-09,3.8868134e-10,3.7471365e-10,1.4386338e-08,8.124214e-09,4.009309e-11,3.3171008e-09,1.0094501e-09,5.2765596e-09
2019-01-23,60,25.23,55.98,1.3342262e-08,2.5871383e-08,2.2015394e-08,9.774141e-10,5.1484644e-10,2.8280212e-08,1.0871666e-08,7.239826e-11,5.7786944e-09,6.2756894e-10,1.4053343e-08
2019-01-24,60,25.23,55.98,1.604033e-08,2.8366145e-08,1.6045835e-08,7.9439955e-10,6.217204e-10,2.8699082e-08,1.426814e-08,2.7217407e-11,2.0889863e-09,1.0491455e-10,1.1874805e-08
2019-01-25,60,25.23,55.98,1.7726169e-08,2.9112785e-08,1.4412835e-08,7.2416184e-10,8.066227e-10,2.9010607e-08,1.5958223e-08,2.0567536e-11,1.473085e-09,6.8615114e-11,1.10385106e-08
2019-01-26,60,25.23,55.98,1.2630118e-08,2.1629157e-08,1.6726489e-08,5.5816374e-10,8.439931e-10,2.37475e-08,1.508329e-08,1.8108801e-11,1.2924708e-09,6.921379e-11,7.925409e-09
2019-01-27,60,25.23,55.98,1.1140951e-08,1.928051e-08,2.7368248e-08,5.7857186e-10,1.0184584e-09,3.1111362e-08,2.0948107e-08,2.0838865e-11,1.5007227e-09,1.0955362e-10,7.560661e-09
2019-01-28,60,25.23,55.98,9.653896e-09,1.5663698e-08,2.0612434e-08,5.620898e-10,8.44587e-10,2.5670069e-08,1.7602527e-08,1.8083772e-11,1.2820741e-09,2.2883012e-10,5.858114e-09
2019-01-29,60,25.23,55.98,1.5242263e-08,2.8391023e-08,4.3301462e-08,4.2064013e-10,5.3584553e-10,2.0750283e-08,1.3158056e-08,3.9512296e-11,2.8352205e-09,1.9636391e-10,5.9374896e-09
2019-01-30,60,25.23,55.98,1.6010993e-08,3.0997676e-08,4.474736e-08,3.098995e-10,3.552759e-10,1.4235759e-08,8.730536e-09,4.0577142e-11,3.0864673e-09,4.028526e-10,5.6581846e-09
2019-01-31,60,25.23,55.98,1.0130438e-08,1.8497243e-08,1.7927093e-08,3.102844e-10,4.4311943e-10,1.43322225e-08,9.440241e-09,5.7996635e-11,4.7884177e-09,1.211397e-09,5.6553384e-09
2019-02-01,60,25.23,55.98,6.916949e-09,1.23064625e-08,1.29871776e-08,2.7753236e-10,4.4862963e-10,1.42220316e-08,9.657197e-09,3.1885578e-11,2.5845694e-09,2.3412705e-10,5.4769185e-09
2019-02-02,60,25.23,55.98,7.55438e-09,1.3001961e-08,1.4803852e-08,3.7127243e-10,6.5725575e-10,2.1030298e-08,1.5040364e-08,1.506036e-11,1.1738842e-09,5.939729e-11,7.503425e-09
2019-02-03,60,25.23,55.98,1.9548953e-08,3.606818e-08,4.8102248e-08,4.3992338e-10,5.0407206e-10,2.0889912e-08,1.207833e-08,3.3177593e-11,2.5460947e-09,5.916289e-11,8.174388e-09
2019-02-04,60,25.23,55.98,6.122038e-09,1.2407047e-08,2.5359624e-08,2.4943136e-10,3.2736971e-10,1.0809987e-08,6.659405e-09,8.8041345e-11,7.292733e-09,2.4123297e-09,5.0827103e-09
2019-02-05,60,25.23,55.98,2.2726248e-09,4.8283093e-09,9.91564e-09,2.1449997e-10,3.3959843e-10,1.08577325e-08,7.532156e-09,8.70138e-11,7.275148e-09,2.6707423e-09,3.636097e-09
2019-02-06,60,25.23,55.98,2.12144e-09,4.89594e-09,1.4267876e-08,1.4676389e-10,2.5015828e-10,8.299864e-09,6.1052723e-09,2.1533707e-11,1.8036841e-09,6.3963596e-10,1.9031206e-09
2019-02-07,60,25.23,55.98,3.0223017e-09,6.137672e-09,8.694887e-09,3.0850508e-10,4.7464777e-10,1.72208e-08,1.16336185e-08,1.7560502e-11,1.4576815e-09,1.9285085e-10,5.284493e-09
2019-02-08,60,25.23,55.98,7.118049e-10,1.5592124e-09,3.8370978e-09,1.324058e-10,3.295913e-10,9.469596e-09,7.818171e-09,1.6292051e-12,1.3440096e-10,7.163902e-11,2.48121e-09
2019-02-09,60,25.23,55.98,6.1499883e-10,1.3008551e-09,2.735491e-09,2.1514343e-10,5.3349625e-10,1.274522e-08,1.0330124e-08,1.1681492e-12,9.528668e-11,6.9143906e-11,4.3116235e-09
2019-02-10,60,25.23,55.98,2.4149798e-09,5.4393166e-09,1.4175184e-08,4.1693432e-10,5.806768e-10,1.6172466e-08,9.526253e-09,1.6162818e-11,1.3262463e-09,3.688126e-10,7.310361e-09
2019-02-11,60,25.23,55.98,4.807654e-09,1.0215652e-08,2.1184668e-08,2.4947908e-10,2.2585239e-10,9.855416e-09,4.87788e-09,2.4902958e-11,2.024259e-09,6.8670464e-10,3.992492e-09
2019-02-12,60,25.23,55.98,1.7224231e-08,3.989891e-08,1.2977509e-07,2.9462804e-10,1.6587898e-10,1.1145508e-08,4.2416928e-09,9.5096396e-11,7.909095e-09,5.144714e-09,3.9546815e-09
2019-02-13,60,25.23,55.98,2.4999036e-09,5.752619e-09,1.7470352e-08,1.2429711e-10,2.0932621e-10,6.0397407e-09,4.1273016e-09,3.1880262e-11,2.6740474e-09,1.3154362e-09,2.6456033e-09
2019-02-14,60,25.23,55.98,1.248922e-09,2.5377451e-09,5.256321e-09,2.0348256e-10,4.7245574e-10,1.1858048e-08,9.313123e-09,2.825935e-12,2.327377e-10,3.8691376e-11,2.7882872e-09
2019-02-15,60,25.23,55.98,6.262506e-10,1.2912486e-09,3.072983e-09,2.4799765e-10,5.3155347e-10,1.2529605e-08,9.873428e-09,1.8896473e-12,1.5564108e-10,2.4786273e-10,3.1355443e-09
2019-02-16,60,25.23,55.98,3.4574286e-09,7.8968405e-09,2.6453943e-08,1.1820513e-10,3.1845396e-10,7.2473068e-09,6.111816e-09,3.5885214e-12,2.8026037e-10,3.364586e-11,1.6902685e-09
2019-02-17,60,25.23,55.98,6.668773e-09,1.4214888e-08,2.4072282e-08,1.9184718e-10,2.841857e-10,9.949069e-09,6.375194e-09,2.6588245e-11,2.1153568e-09,6.010931e-10,4.644165e-09
2019-02-18,60,25.23,55.98,4.9207887e-09,1.1504368e-08,3.145066e-08,1.2035249e-10,1.8736167e-10,5.594579e-09,3.8158103e-09,8.816446e-11,7.383257e-09,3.2972522e-09,2.9311373e-09
2019-02-19,60,25.23,55.98,6.935952e-09,1.5174601e-08,2.6233053e-08,2.334575e-10,3.6384412e-10,1.1210016e-08,7.4061877e-09,7.9960163e-11,6.641497e-09,1.788853e-09,5.599131e-09
2019-02-20,60,25.23,55.98,5.1096434e-09,1.2540235e-08,4.8741192e-08,1.2835079e-10,1.7166261e-10,5.0570215e-09,2.8773035e-09,7.0821564e-11,5.9484004e-09,2.8635956e-09,3.214606e-09
2019-02-21,60,25.23,55.98,4.9692965e-09,1.0183617e-08,1.39602925e-08,4.910845e-10,4.928432e-10,1.9127963e-08,9.460943e-09,1.3496586e-10,1.1233274e-08,2.8414104e-09,9.111705e-09
2019-02-22,60,25.23,55.98,2.8479332e-09,6.1425647e-09,1.2269222e-08,2.4775337e-10,4.1217013e-10,1.1723257e-08,7.743057e-09,1.4463235e-11,1.1795128e-09,2.1100588e-10,5.381186e-09
2019-02-23,60,25.23,55.98,5.8710907e-09,1.1722191e-08,1.5297825e-08,3.5448244e-10,5.445239e-10,1.6375648e-08,1.115946e-08,2.1578059e-11,1.6780808e-09,2.3431274e-10,5.858266e-09
2019-02-24,60,25.23,55.98,6.927179e-09,1.4632849e-08,3.0468623e-08,3.2353584e-10,6.515941e-10,1.560602e-08,1.1652083e-08,1.5150875e-11,1.100706e-09,8.891035e-11,4.6242317e-09
2019-02-25,60,25.23,55.98,1.13697425e-08,2.576806e-08,7.59253e-08,3.1040995e-10,4.0360576e-10,1.2442799e-08,7.488389e-09,5.032719e-11,4.1493307e-09,1.4456202e-09,6.352646e-09
2019-02-26,60,25.23,55.98,1.2201432e-08,2.6837313e-08,5.287114e-08,3.3475833e-10,2.678807e-10,1.0434255e-08,4.5369903e-09,1.0507039e-10,8.735202e-09,3.5327141e-09,7.598875e-09
2019-02-27,60,25.23,55.98,2.977832e-09,6.4646137e-09,1.5065842e-08,2.0673534e-10,3.6243708e-10,1.0693636e-08,7.526944e-09,1.886278e-11,1.5465336e-09,2.4016358e-10,4.4776933e-09
2019-02-28,60,25.23,55.98,6.176321e-09,1.3452328e-08,3.085821e-08,2.595851e-10,5.294252e-10,1.7619918e-08,1.37839615e-08,8.282106e-12,6.4447747e-10,6.1424074e-11,5.150413e-09
